attr_conc.mean,attr_conc.sd,attr_ent.mean,attr_ent.sd,attr_to_inst,best_node.mean,best_node.sd,can_cor.mean,can_cor.sd,cat_to_num,class_conc.mean,class_conc.sd,class_ent,cor.mean,cor.sd,cov.mean,cov.sd,eigenvalues.mean,eigenvalues.sd,elite_nn.mean,elite_nn.sd,eq_num_attr,freq_class.mean,freq_class.sd,g_mean.mean,g_mean.sd,gravity,h_mean.mean,h_mean.sd,inst_to_attr,iq_range.mean,iq_range.sd,joint_ent.mean,joint_ent.sd,kurtosis.mean,kurtosis.sd,leaves,leaves_branch.mean,leaves_branch.sd,leaves_corrob.mean,leaves_corrob.sd,leaves_homo.mean,leaves_homo.sd,leaves_per_class.mean,leaves_per_class.sd,lh_trace,linear_discr.mean,linear_discr.sd,mad.mean,mad.sd,max.mean,max.sd,mean.mean,mean.sd,median.mean,median.sd,min.mean,min.sd,mut_inf.mean,mut_inf.sd,naive_bayes.mean,naive_bayes.sd,nodes,nodes_per_attr,nodes_per_inst,nodes_per_level.mean,nodes_per_level.sd,nodes_repeated.mean,nodes_repeated.sd,nr_attr,nr_bin,nr_cat,nr_class,nr_cor_attr,nr_disc,nr_inst,nr_norm,nr_num,nr_outliers,ns_ratio,num_to_cat,one_nn.mean,one_nn.sd,p_trace,random_node.mean,random_node.sd,range.mean,range.sd,roy_root,sd.mean,sd.sd,sd_ratio,skewness.mean,skewness.sd,sparsity.mean,sparsity.sd,t_mean.mean,t_mean.sd,tree_depth.mean,tree_depth.sd,tree_imbalance.mean,tree_imbalance.sd,tree_shape.mean,tree_shape.sd,var.mean,var.sd,var_importance.mean,var_importance.sd,w_lambda,worst_node.mean,worst_node.sd
0.10618810509402937,0.09314216826095428,1.0,0.2433735182036075,0.07371523331031354,0.5556113869470258,0.5757706946418367,0.0,0.0,0.0,0.009000096139673633,0.019978330141663184,0.9999999999999999,0.4325230763763307,0.7862628968557228,1.5859552352927043e-23,2.4606578442809644e-23,8.232098856935111e-35,1.2887018845549182e-34,0.40247221334242955,0.07626790375643226,0.1403881703127234,0.0,0.0,2.846089283376882e-17,4.4004549975325713e-17,7.432882949002754e-16,1.0160853261811404e-16,1.5768274075815127e-16,0.18824056631401445,4.3797385433021054e-18,6.510631711384822e-18,1.0,0.23239746069273107,0.0017780966152975046,0.0018751190960318747,0.3856168629882207,0.5079699050798887,0.3098643667699714,0.02029637257909104,0.01907095337032609,5.182259809307549e-05,4.7034260463284354e-05,0.0,0.015456497443195598,0.0,0.6348816035773533,0.4938932990111007,4.812087207910203e-18,7.08930746435235e-18,0.0,0.0,0.0,0.0,0.0,0.0,0.0,0.0,0.11963209473798608,0.2375262015579127,0.6115347597832992,0.40180589304510855,0.3856168629882207,0.15286631486526414,0.28003229060110707,0.5276672756142118,0.6338995985274092,0.15195114762448456,0.05206899015938794,0.19469026548672563,0.0,0.0,0.0,0.22564102564102564,0.0,0.5854970760233917,0.0,0.19469026548672563,0.2891566265060241,0.12534316895771175,0.0,0.4705548194909901,0.3698011002109664,0.0,0.007326493723016414,0.08343233788538128,0.0,0.0,0.0,0.0,0.0,0.0,0.10334326777290204,0.024151524187365377,0.015195924165190458,0.1429862878848891,2.1548726873867804e-17,3.2964688205367316e-17,0.5065974391086224,0.3101287278012408,0.1744023043814057,0.13310245628550066,0.03664067333022089,0.042468625167204815,0.0,0.0,0.14913143231727302,0.1039049229704856,0.0,0.13763590494485656,0.6794994445720772
0.08513797734004255,0.08183321185562685,0.9999121836389079,0.2433530068671549,0.07371523331031354,0.9304587248102534,0.2283531581043,0.0,0.0,0.0,0.023886331475854398,0.05666890739552237,0.9999999999999999,0.3805809297079911,0.7532489531920118,3.194510200205167e-23,5.270096253233978e-23,5.185680745621319e-34,8.12342132949225e-34,0.7026555196259633,0.7120061192303403,0.05992852213278334,0.0,0.0,3.7160808352503207e-17,5.771290611760032e-17,3.1118018954317608e-15,1.2942207336077446e-16,2.0144483180918247e-16,0.18824056631401445,1.3446143606489263e-17,2.0804582484124074e-17,0.9832255584653055,0.24074731643497332,0.0017855868676216352,0.0008091458626694827,0.034562926224426534,0.18255602739211052,0.2027271663536654,0.2664355560744277,0.2842271004318148,2.323438692832883e-09,3.432377611711451e-10,0.0,0.09256578408412974,0.0,0.9483373425488658,0.16374471754248635,1.2973276737730799e-17,1.996913693389432e-17,0.0,0.0,0.0,0.0,0.0,0.0,0.0,0.0,0.25552811779636475,0.6217882576195319,0.8274912265112955,0.33600806770454145,0.034562926224426534,0.010429172436245774,0.011088022752095302,0.09141661402400506,0.06080120938197038,0.00936012888419595,0.004262491170169025,0.19469026548672563,0.0,0.0,0.0,0.20102564102564102,0.0,0.5854970760233917,0.0,0.19469026548672563,0.2891566265060241,0.05748265699489182,0.0,0.9564509564509565,0.053211817657035546,0.0,0.24697786769068486,0.290393252843892,0.0,0.0,0.0,0.0,0.0,0.0,0.10609828661322396,0.017817298254208396,0.015238218291332335,0.1429927343135438,2.806786873302341e-17,4.3250353555046985e-17,0.18157159586566363,0.19964933348023728,0.6104294834329516,0.7042817852497126,0.35228670032776704,0.397969009913003,0.0,0.0,0.14913143231727302,0.3545644130792222,0.0,0.19704234436181145,1.0000000000000002
0.5129819343463132,0.9159315375693818,0.803275034634313,0.5061287549070235,0.2559462060229434,0.640756556294029,0.9999999999999998,0.0,0.0,0.0,0.22393641260331276,0.9999999999999999,0.8453733766289845,0.5171526562142599,0.7934422119285662,0.0,0.0,0.0,0.0,0.6848118772285817,0.9999999999999999,0.01601706944065485,0.0,0.4192256994973653,0.0,0.0,0.0,0.0,0.0,0.05091651321173586,0.0,0.0,0.7263017451161714,0.47591886635352687,0.0004947593616906089,0.0020465085458770274,0.006974581525108494,0.0,0.0,0.6492858505412753,0.7083465214020807,0.0,0.0,0.0,0.40021140348679046,0.0,0.7791306679355342,0.9999999999999999,1.0021289680946221e-19,0.0,0.0,0.0,0.0,0.0,0.0,0.0,0.0,0.0,0.535885282204932,0.5923375890202276,0.7912846736766272,1.0,0.006974581525108494,0.0010791444835000549,0.03046144425814826,0.03704990524320909,0.021700592105135363,0.0,0.0,0.1504424778761062,0.0,0.0,0.0,0.28675324675324676,0.0,0.1328654970760234,0.0,0.1504424778761062,0.24096385542168677,0.018112166258912352,0.0,0.7377319223297047,0.9999999999999999,0.0,0.608169303413872,1.0,0.0,0.0,0.0,0.0,0.0,0.0,0.061239385193058875,0.03475586353702087,0.00039472415940529983,0.0037226472922487447,2.977063647549477e-19,5.0790978268359654e-20,0.0,0.0,1.0,1.0,0.7606957009209615,0.6774416914000757,0.0,0.0,0.19308125502815768,0.2149023971664209,0.0,0.47452860211163506,0.6046453203297137
0.0,0.0,0.8838588590241429,0.10956067573649024,0.2335165341264325,0.6913386901531307,0.03280883446941787,0.0,0.0,0.0,0.023271116714498125,0.04826166750275133,0.9999999999999999,0.3014270517223024,0.44519585002023293,1.2402115564108077e-24,5.318524071588453e-25,2.536344632878676e-37,2.150007915804017e-37,0.7002115493447169,0.037777237766151356,0.09835854491506242,0.0,0.0,0.0,0.0,1.4009540302857942e-17,0.0,0.0,0.05711404511242693,7.380733350242042e-19,3.320160194746865e-19,0.8763825425767854,0.1047326267863922,2.220198925796537e-05,0.00012179724704765002,0.02464352138871668,0.1529174503141406,0.17634918250578546,0.3397758224670454,0.30207257940577387,1.189734496498374e-09,2.0327145434121488e-10,0.0,0.12994183379155172,0.0,0.970848293253101,0.010953411787334236,9.221485710293904e-19,3.7012250278346845e-19,0.0,0.0,0.0,0.0,0.0,0.0,0.0,0.0,0.16751297747322164,0.35537317013978764,0.9545206854105635,0.028270204157288346,0.02464352138871668,0.006404458477986536,0.053326791369120524,0.06564276689829437,0.04569901633581197,0.005331066986015608,0.006029581851568789,0.19469026548672563,0.0,0.0,0.0,0.024615384615384615,0.0,0.1904353476283301,1.0,0.19469026548672563,0.27710843373493976,0.08064680084214937,0.0,1.0,0.0,0.0,0.27296988906138187,0.07091224620786693,0.0,0.0,0.0,0.0,0.0,0.0,0.06972833208279156,0.0075447965907789565,0.008649945040165825,0.08577581527039765,5.674548417805149e-19,4.114701942293228e-19,0.15221138041442905,0.17251326788972432,0.6130744673442851,0.6959295736012737,0.42519797436077633,0.4875453761116443,0.0,0.0,0.14913143231727305,0.12754934589968758,0.0,0.16659833639029076,0.3295802906289371
0.9498920598418948,0.4934339414731349,0.42555155574705583,0.4897514708697196,0.0,0.877060531862089,0.015150729966854928,0.0,0.0,0.0,1.0000000000000002,0.8906248588160666,0.8722756803478554,0.8921903751138339,0.5178502846826224,1.3438238927012633e-22,1.426473541591193e-23,3.454693562451015e-36,1.8466829429281954e-36,0.8799290049022688,0.0016737370070386733,0.0,0.0,0.38169982596243485,0.0,0.0,1.3256585044231622e-16,0.0,0.0,1.0000000000000002,3.385357555140746e-18,5.19158368750173e-19,0.29042785666498716,0.4514428173729902,0.0001837872001499038,0.000503492070612908,0.08772473651580905,0.22037088837859697,0.11211712654313277,0.11911428171452568,0.30548981403705106,7.501005491204225e-09,1.5323133220648655e-09,0.0,0.25344857869168164,0.0,0.9596688312708924,0.010893109569200149,7.315819337289611e-19,4.986657742473325e-19,0.0,0.0,0.0,0.0,0.0,0.0,0.0,0.0,1.0,0.5005812566540182,0.9729770290018271,0.011639498932814497,0.08772473651580905,0.11375112608343219,0.021689182970074727,0.20575145006604262,0.19138981969999283,0.11279370230154441,0.04419232748361469,0.035398230088495575,0.0,0.0,0.0,0.9999999999999999,0.0,0.9848732943469785,0.0,0.035398230088495575,0.07228915662650603,0.0,0.0,0.9546503519929557,0.0032227817609608786,0.0,0.933148065459688,0.01167253450504116,0.0,0.0,0.0,0.0,0.0,0.0,0.08541724870086889,0.015372091349463195,0.00016476569120259704,0.0003969324543420605,2.5931204724246376e-18,2.4649707485655707e-19,0.2186690926361159,0.11613055172109354,0.5750459786594717,0.5349163008687033,0.19016270829441526,0.1728252882044667,0.0,0.0,0.5358898721730582,0.4837796146864981,0.0,0.8414794107184342,0.04190974672479776
0.17081068565732174,0.3510309144475675,0.7832365285592845,0.9999999999999999,0.0038432835555700234,0.7165353356290414,0.0,0.0,0.0,0.0,0.0025122199244737254,0.02009852200982161,0.38039228939319913,0.16948307456174877,0.6283508971814424,1.0,1.0,1.0,1.0,0.7001073930449879,0.0030750685631609834,0.9276307416284402,0.0,0.8118519465181617,1.0,1.0,0.9999999999999999,1.0,1.0,0.8270870954092799,1.0,1.0,0.7021404376680437,1.0,0.2781177184794014,0.9999999999999999,1.0,1.0,0.9970892048332176,0.0,0.0,1.0,1.0000000000000002,0.0,0.11232240737088015,0.0,0.6874177292838707,0.0,1.0,1.0,0.0,0.0,0.0,0.0,0.0,0.0,0.0,0.0,0.0,0.0,0.7648220880357739,0.0,1.0,0.9999999999999999,0.44088883277834645,0.9999999999999999,1.0000000000000002,1.0000000000000002,1.0000000000000002,0.05309734513274336,0.0,0.0,0.0,0.10472727272727272,0.0,1.0,0.0,0.05309734513274336,0.04819277108433736,1.0,0.0,0.4247904171985166,0.01846048280378499,0.0,0.774044505092375,0.0,0.0,0.0,0.0,0.0,0.0,0.0,0.27691205601233204,0.8799324642263316,0.14420354607189434,0.5996365228096504,1.0,0.9999999999999999,1.0,1.0,0.0,0.0013959668249243773,0.0,0.0,0.0,0.0,0.43041029766693484,0.05348092155966554,0.0,0.7914164436525628,0.0
0.2122419958445072,0.2992467471753075,0.17106038647294564,0.5614303991527327,0.4836646382016878,0.36391308248547705,0.03415208127983976,0.0,0.0,0.0,0.05396914158919131,0.06853553073541478,0.9723749133733169,0.3004804069835415,0.5449686845790735,1.6585886141335127e-23,1.3505170978572053e-23,3.7761176139710674e-36,3.045342228232239e-36,0.30336338383174355,0.06996727976734839,0.429849520495948,0.0,0.17868695339642987,6.943389672368281e-18,4.508398494085457e-18,1.3169182150950955e-17,2.3967272619548307e-17,1.5820489195739277e-17,0.01932027607399568,2.9509158029425595e-18,1.4795620606867304e-18,0.16624486203670574,0.5494452307798875,0.00010318145722411752,0.00037795843826938445,0.06912585244885307,0.32924931966238447,0.15992417188717722,0.149009985954515,0.05366168858607479,1.770096274749002e-08,6.892533446539429e-09,0.0,0.32200880109102603,0.0,0.3858373281657098,0.15730716647204682,3.2417658284927164e-18,1.5681435405018019e-18,0.0,0.0,0.0,0.0,0.0,0.0,0.0,0.0,0.032291474600279,0.06262588198008714,0.4328812954892727,0.14960692703084438,0.06912585244885307,0.09111211006822395,1.0000000000000002,0.13853442830069487,0.13548437660802004,0.09013022912427998,0.13621337245633058,0.035398230088495575,0.07142857142857142,0.0,0.0,0.07999999999999999,0.0,0.0,0.0,0.035398230088495575,0.03614457831325301,0.12005507988756384,0.0,0.12247688322373529,0.2813986895313772,0.0,0.1498764877401626,0.008281189590753564,0.0,0.0,0.0,0.0,0.0,0.0,0.06450511113513183,0.028899823740893477,0.674738285134427,0.7993907491414368,6.152161051439395e-18,3.2802680472456743e-18,0.3281617439489418,0.15997904304241262,0.352219712101958,0.2548817100427635,0.15605253053553592,0.37976781769601115,0.0,0.0,0.535889872173058,0.18550803089625534,0.0,0.20569716279348182,0.15183369984026204
0.021811844918768135,0.18274233066733422,0.0,0.9241991880060987,0.490756240214161,0.41552075161045887,0.04275187227330183,0.0,0.0,0.0,0.12736543269395967,0.9190387101987099,0.9988762387231213,0.0,0.0,2.3452306893729156e-20,1.4627130519279209e-19,3.572999663491922e-32,5.728475163931753e-32,0.5621426409561209,0.07234094708186097,1.0000000000000002,0.0,0.036101301826418505,0.0,0.0,4.58172333790825e-15,0.0,0.0,0.018789731267818206,1.0778011215886428e-16,1.3456423353429561e-16,0.0,0.9177280986044486,0.0,0.0,0.17715437073775572,0.6417512041906639,0.7814312949220372,0.0569559271069143,0.02957610124726969,3.8382267259847783e-05,1.8036627505694736e-05,0.0,0.021549767813900465,0.0,0.5487377151534117,0.0950671294647325,1.1471699485838953e-16,1.4336317812039884e-16,0.0,0.0,0.0,0.0,0.0,0.0,0.0,0.0,0.00623623797858657,0.09710305964253538,0.482118441083081,0.06699179034059015,0.17715437073775572,0.029703779126971662,0.37585502219186406,0.242301010739103,0.18580520148034113,0.04491759414761892,0.12604213755998667,0.43362831858407075,1.0,0.0,0.0,0.009056603773584904,0.0,0.1882261208576998,0.6666666666666666,0.43362831858407075,0.5662650602409639,0.16247264046394216,0.0,0.5738477060914113,0.05377579062922828,0.0,0.011816864738112276,0.004952413442719899,0.0,0.0,0.0,0.0,0.0,0.0,0.06626661027208519,0.0,1.0,1.0,1.6023628717855535e-16,1.7934510847763733e-16,0.6411223709421073,0.7795280227747972,0.15456791217501598,0.34048354395832947,0.08239512018482056,0.14687866946101866,0.0,0.0,0.052441822353326784,0.047462039576248186,0.0,0.0,0.05911246178547872
0.6201186734502298,0.7299002002142381,0.6471553608895603,0.8463717625895298,0.0442470012299922,0.694922005755068,0.04306342704058309,0.0,0.0,0.0,0.027824861310069265,0.08680277032750372,0.5743348261314113,0.3415657268730693,0.8410844865479682,1.0933013523760434e-14,7.668464682872463e-15,8.736123754210327e-28,8.350072068835391e-28,0.5725725449171838,0.6359330246026732,0.3210490304201735,0.0,0.6826213953488373,0.0,0.0,5.27608472989867e-13,0.0,0.0,0.28501013859665053,2.934180093273624e-14,1.6284846707810363e-14,0.5891463282438753,0.8521382973144599,0.016303378391231513,0.043933733262421976,0.7199318040917544,0.9186911404983096,0.9383289148812854,0.005032937981437818,0.002886903096499694,0.01945539995072938,0.014178488871004667,0.0,0.055229573189380536,0.0,0.6475379376407148,0.03819514690172251,2.584210667336476e-14,1.6174972048894596e-14,0.0,0.0,0.0,0.0,0.0,0.0,0.0,0.0,0.033306434770401884,0.09120287692546518,0.0,0.05378067963016642,0.7199318040917545,0.3402315141978938,0.423849198865444,0.8142029901031795,0.7336837963314046,0.3395187595107646,0.34120979990404054,0.15929203539823006,0.023809523809523808,0.0,0.0,0.1650592885375494,0.0,0.7414424951267056,0.0,0.15929203539823006,0.22891566265060245,0.2608872786055341,0.0,0.3242300331662036,0.03875011323103996,0.0,0.6894529474988871,0.04103310200756309,0.0,0.0,0.0,0.0,0.0,0.0,0.13508074542441473,0.140097638456594,0.15147566499818504,0.5124447385956639,1.443129062393049e-14,9.998682674429013e-15,0.9184893503478296,0.9401139304563007,0.04702644958874247,0.0,0.007462995313594921,0.023963368114290368,0.0,0.0,0.18276260100038483,0.0011815756200922178,0.0,0.6824507836756435,0.06955543340735548
0.2485692125714351,0.14701317140673523,0.9610108381463193,0.002239869416068549,0.0580556316071217,0.0,0.45482675271009626,0.0,0.0,0.0,0.0,0.0,0.9864272360982359,0.5198455848872062,0.91915685716376,2.3264848515018264e-17,2.4732366613936994e-17,3.282441150080037e-30,2.2400564747597238e-30,0.30804986770320253,0.4129548104622431,0.4114399351909598,0.0,0.12536337551756188,6.343481119179771e-15,8.66372732274953e-17,1.7551252430777012e-15,2.2970109683913165e-14,3.1032133307676874e-16,0.2304253484637357,2.803257660578683e-17,2.126463308284552e-18,0.9688700766799118,0.0,1.0,0.7579147774414565,0.19931804091754493,0.5024592588258654,0.2617876726251914,0.0496411134369137,0.02492977271116998,1.1455027272560587e-07,1.7366844088465748e-08,0.0,0.07278330798154023,0.0,0.0,0.548775289705943,3.127069841495029e-17,2.1838076779800685e-18,0.0,0.0,0.0,0.0,0.0,0.0,0.0,0.0,0.03469691002416685,0.04676643358777291,0.10693318620027159,0.26791963265928465,0.19931804091754493,0.1572773294936242,0.2352588963889209,0.42755053695514844,0.32078663731217194,0.15636692751735634,0.04453398366006851,0.07964601769911504,0.0,0.0,0.0,0.34813186813186814,0.0,0.3510591293047433,0.0,0.07964601769911504,0.14457831325301207,0.34528422926887503,0.0,0.0,0.5779619013447512,0.0,0.0,0.39037836954872535,0.0,0.0,0.0,0.0,0.0,0.0,1.0,1.0,0.00626374523972941,0.0028899123975187485,4.715031909461814e-15,6.45053023610181e-17,0.5012949291053631,0.26177844280661855,0.44507644028871984,0.404492976454755,0.06106162192928209,0.16219444498543872,0.0,0.0,0.3286978508217445,0.0,0.0,0.08271107659253318,0.7461764141205265
0.6169745485037397,0.7879167196016197,0.9938271402592539,0.0,0.01795673151288476,0.9794347996264816,0.015216001437065465,0.0,0.0,0.0,0.09234603646006305,0.06877371218279736,0.0,0.7342011524328695,1.0,5.5361772507192595e-21,2.391417377697009e-21,7.385743862861883e-34,5.393457683080394e-34,0.9757810708848758,0.0,0.001474867438185562,0.0,1.0,0.0,0.0,1.3594283856339972e-15,0.0,0.0,0.5023036813952444,2.5071372623024925e-17,1.3039460596237235e-17,0.8053409964016939,0.03244832146189952,0.0011423721336278015,0.0012212902122465648,0.053316800991940486,0.3171677991397437,0.3757526659439778,0.18757126320672507,0.17198660263606372,3.3848025280459145e-08,7.783263121760571e-09,0.0,0.06942537724069958,0.0,0.96176317606521,0.016941860735906138,2.6808681420784788e-17,1.439685005899052e-17,0.0,0.0,0.0,0.0,0.0,0.0,0.0,0.0,0.4342090395150721,0.27181317281365713,0.95477496073414,0.0818256927711602,0.053316800991940486,0.08196217442874397,0.042781753895605706,0.1056727732154138,0.07954236240391331,0.08097040871513561,0.042023124590595,0.02654867256637168,0.0,0.0,0.0,0.5657142857142857,0.0,0.4269005847953216,0.0,0.02654867256637168,0.07228915662650603,0.030566435640086792,0.0,0.915683103176347,0.017825800002078562,0.0,0.9595171194267307,0.0002827002288643933,0.0,0.0,0.0,0.0,0.0,0.0,0.09282784098820025,0.040570293131182905,1.108550648193598e-05,0.00011915744826284683,3.828624932381e-17,1.439141315973565e-17,0.31628781167338693,0.3703647176856242,0.39076442611657036,0.5399061757169813,0.23888907324022157,0.3612694973879554,0.0,0.0,0.6084070796460178,0.6289814890126856,0.0,1.0000000000000002,0.16268691634847712
0.9999999999999999,0.7487477939734183,0.7159939605958334,0.6070878076573063,0.13992805299831332,0.6716681975711536,0.001493246509843292,0.0,0.0,0.0,0.023770635041972844,0.023366216416087437,0.4775254433636943,1.0,0.8797327472880353,1.7703788497517169e-15,5.6430632779647176e-15,3.9884782605368155e-27,5.510831688836948e-27,0.0,0.03717809960536847,0.13733463645760455,0.0,0.7509559074997989,2.524369398045755e-18,2.2609968229593826e-18,1.0283159850577237e-12,5.650773100981591e-18,4.961358369047026e-18,0.10187452678575078,7.565364810867729e-16,9.140698363721073e-16,0.6384223782308213,0.5977240258881776,0.06584291448703296,0.09315763125758447,0.27247365158090514,0.6357485812696022,0.5597215677859251,0.03355384678004507,0.012588946106014548,4.801928303368747e-06,1.5806334953316386e-06,0.0,0.7398938347101497,0.0,0.6463446878376932,0.12212146957004745,3.2726302529190956e-16,3.6626094260735843e-16,0.0,0.0,0.0,0.0,0.0,0.0,0.0,0.0,0.0822517977148126,0.0313430632697614,0.7191679289471409,0.08325045866401838,0.27247365158090514,0.14005550659634078,0.45710036316935276,0.43140990208464935,0.3410197700799251,0.13912649970750876,0.11917724698412557,0.1415929203539823,0.0,0.0,0.0,0.9462857142857144,0.0,0.2444964262508122,0.0,0.1415929203539823,0.22891566265060245,0.1348290300931797,0.0,0.2914968496945971,0.08917300327695346,0.0,0.714014388578504,0.0013358603284867882,0.0,0.0,0.0,0.0,0.0,0.0,0.27235302511736054,0.20827518421510963,0.016659298737952154,0.03656835028846409,2.3281977182199964e-16,2.690909389810728e-16,0.6349007347932997,0.5571999199605533,0.2290350073192129,0.1850109772253291,0.046355276682292626,0.1212367814163203,0.0,0.0,0.20438263801095666,0.011487926305892363,0.0,0.7286542115128614,0.003173110819181815
0.1851422445863974,0.2647212886259174,0.5370638688230185,0.14538678137525884,0.046988232121184886,0.6705685793528853,0.000515792652928976,0.0,0.0,0.0,0.015385256769773804,0.026512361506327596,0.4797729109963421,0.31067186923885187,0.7501816721121806,3.061010801852296e-23,8.90800359086705e-24,2.353955129763117e-36,8.337019454935436e-37,0.6452540958899049,0.4499726678651348,0.27962500522129496,0.0,0.7494634473324215,0.0,0.0,1.8308735566037718e-17,0.0,0.0,0.2723513282689801,3.037020169678888e-18,2.3997592583541652e-19,0.46302510553587617,0.1403077418424494,7.829773845800259e-05,8.4724426400019e-05,0.11748295102293863,0.5796988087646855,0.5904499553582485,0.08898451858013075,0.07061458188460358,6.883697376953185e-07,1.2994308436181642e-07,0.0,1.0,0.0,0.6282262551480701,0.02062172786083745,3.66286044364686e-18,3.863233941896727e-19,0.0,0.0,0.0,0.0,0.0,0.0,0.0,0.0,0.03617539082859645,0.06218694721344076,0.6658821646827064,0.04313001256085135,0.11748295102293863,0.08047648900274593,0.0946091697741681,0.20998781698402672,0.12625707817132337,0.07948311828787763,0.03331622009971444,0.09734513274336283,0.0,0.0,0.0,0.18,0.0,0.48153346328784924,0.0,0.09734513274336283,0.1566265060240964,0.21434795106455368,0.0,0.9749824643441669,0.0020958389666550763,0.0,0.7125431512181388,0.00046142879841392254,0.0,0.0,0.0,0.0,0.0,0.0,0.07004531100956962,0.008718609355432167,0.146315312693723,0.0,6.5730522444863645e-18,6.022930521597791e-19,0.5791176206077197,0.5860291141128218,0.30902939240307514,0.4034302600898122,0.10039911815302519,0.25533087633985907,0.0,0.0,0.2820796460176991,0.02043615065335158,0.0,0.7271160145859492,0.0010960462567129545
0.23056272735637495,0.2693130035926813,0.9938262214051622,3.0706509552721235e-06,0.024435771035284187,0.5349377208783659,0.04499154380964564,0.0,0.0,0.0,0.013413845908630456,0.019012098527774614,0.8844972963435594,0.4735441209713379,0.9802408359357496,4.942149428710612e-21,2.3808150737482978e-21,6.607723453545005e-34,2.8890692062954553e-34,0.5869193979723836,0.036529744846809334,0.11315978182101934,0.0,0.36327342087887904,0.0,0.0,5.335016073069285e-16,0.0,0.0,0.4242165440079766,3.862159120472769e-17,1.1483079440867098e-17,0.974340488074323,0.022580406982283224,0.0004798524982015036,0.0006895347406576719,0.28952262864228145,0.6269002228248228,0.7237835157261281,0.030921954206557127,0.027884852813121058,1.9185121640792216e-05,7.020112505210717e-06,0.0,0.2684302569196869,0.0,0.5975785943898849,0.029546620423039446,3.964933369165994e-17,1.256616934530102e-17,0.0,0.0,0.0,0.0,0.0,0.0,0.0,0.0,0.13674503286599324,0.20290098992912026,0.5882667468420482,0.021947188077388408,0.28952262864228145,0.32255831713036937,0.2671005813466879,0.4301958307012002,0.3362898976860851,0.3218264699065132,0.053766932007256046,0.04424778761061947,0.0,0.0,0.0,0.32,0.0,0.45606237816764134,0.0,0.04424778761061947,0.07228915662650603,0.10951214619863162,0.0,0.5182714062504656,0.02341374306646974,0.0,0.46546891086671316,0.025367479094384134,0.0,0.0,0.0,0.0,0.0,0.0,0.0746798043297559,0.024620755991871166,6.504205883628628e-05,0.0002750169466926752,3.2265167731060644e-17,1.9353806428392735e-17,0.6260009745628395,0.7222779399453936,0.19520841765010633,0.10620150596541278,0.04952897934501757,0.08492470639506114,0.0,0.0,0.47787610619469023,0.12507761007390344,0.0,0.39993902557083794,0.06816741932322498
0.24140269503508588,0.306373276757129,0.7362889441067654,0.8882691569942304,0.007649937672341914,0.9021050392183618,0.09959721482552489,0.0,0.0,0.0,0.2311450629095019,0.6812463522153658,0.8450354453078294,0.25571194978597306,0.8024402759836017,7.479964856781515e-13,5.667353485514373e-13,5.3583761053486e-26,3.122423885712531e-26,0.9252966653892618,0.10273279636894916,0.03248153212185076,0.0,0.4196740586770063,9.611083688564144e-14,6.436912146244977e-14,6.229192997291108e-12,3.2411572677270737e-15,1.654731141348606e-15,0.7053535308131434,4.0726621794783234e-13,1.7000385623627434e-13,0.6796878743343545,0.878010122843663,0.0011201785846026966,0.002982367715519746,0.11934283942963422,0.5031490361018534,0.43201482683419545,0.08755071186956853,0.14372505717753692,3.2199007601238647e-06,1.7109637183486984e-06,0.0,0.489055181561568,0.0,0.6277355741470411,0.1724784131668001,3.392166674421013e-13,1.4961141495440968e-13,0.0,0.0,0.0,0.0,0.0,0.0,0.0,0.0,0.3620453824066177,0.9999999999999999,0.5035429807141911,0.28484915387286797,0.11934283942963422,0.28112891782253835,0.13119208438370358,0.17621891690116578,0.19045770345359497,0.28035231399211935,0.21880378095150713,0.0,0.023809523809523808,0.0,0.0,0.144,0.0,0.36574398960363874,0.0,0.0,0.0,0.028344529474666307,0.0,0.754309220498296,0.1410915880124328,0.0,0.38744339067746725,0.0005566834467709194,0.0,0.0,0.0,0.0,0.0,0.0,0.08541945181906643,0.04704833951541651,0.23460635445257771,0.9972467486508348,1.8592524495322993e-13,8.372392321274615e-14,0.5022791703873667,0.4281163601696145,0.14094948645656913,0.4750255760139591,0.06770664992807275,0.2141450367611526,0.0,0.0,1.0,0.8042924486453668,0.0,0.38722017855337487,0.0013223076021796078
0.48478125238502706,1.0,0.12925611266729448,0.6573753017690437,0.2627584573021847,0.7447717094529929,0.2437679374312863,0.0,0.0,0.0,0.21251321845014687,0.5102108456353556,0.754610665377257,0.2845597265729006,0.7167988203431737,2.0125024309580193e-25,2.0095009784812153e-25,4.1433794135943826e-38,4.945638539098829e-38,0.7130347493459619,0.11107297587891846,0.08491549372640025,0.0,0.5248861600112568,8.514253771942398e-19,3.7925442686375223e-19,1.8830385838033034e-17,2.8777026605294656e-18,1.3244648661030173e-18,0.049229712106748286,1.3557971682508777e-19,1.4047260627308985e-19,0.07523151156047259,0.6244852213604865,0.026111338582485464,0.1157618362945929,0.1684748915065096,0.46322641455531754,0.39626721595449665,0.060306855138179766,0.13742581009147975,3.938971382701677e-07,1.6062402064283968e-07,0.0,0.0,0.0,0.8790425598042216,0.19947989301764163,0.0,7.995620405347504e-20,0.0,0.0,0.0,0.0,0.0,0.0,0.0,0.0,0.1627512496997361,0.32790246817353164,0.687891420589188,0.3312986877643829,0.1684748915065096,0.007972881833277443,0.07145929612523429,0.293010869801991,0.24253414505093127,0.008463033070929235,0.032426159550371425,1.0,0.047619047619047616,0.0,0.0,0.08782268578878748,0.0,0.8574918778427549,0.0,1.0,1.0,0.02135292261187455,0.0,0.8397259294597186,0.12806588944630226,0.0,0.49115938257816727,0.00010924297155601696,0.0,0.0,0.0,0.0,0.0,0.0,0.0,0.26604482090311365,0.30591265381013566,0.6822115061414736,1.3464726512831688e-18,1.7245970106517495e-19,0.46200848728623745,0.39387401869437144,0.3142206510144039,0.3577190647360552,0.09212886515279653,0.1395351668134764,0.0,0.0,0.0,0.02872330240440854,0.0,0.495656535806938,0.00025948824706594094
0.6578455423923186,0.37380262064595304,0.8685934386359014,0.6332577507757775,0.0011979433434020324,1.0,0.035388422047525576,0.0,0.0,0.0,0.30254539470281305,0.9870718456406413,0.6055939213607103,0.664524818281208,0.9674136109969557,9.786918984901693e-20,7.203282257538354e-20,1.2487806991467708e-32,6.353774436877111e-33,1.0,0.03510200376270309,0.006406417814058662,0.0,0.6585505969648742,2.0226387447613599e-16,1.245376107381371e-16,6.3674513676263305e-15,6.908378066185423e-16,4.2337958152037494e-16,0.9389744071723666,1.6190770545533211e-16,6.57821665978076e-17,0.7452693879680029,0.7604112485523297,5.017439723359684e-05,0.00014851354651460833,0.015344079355238684,0.15711457898573766,0.19347180707663025,0.4548682242108951,0.7623839263720966,5.980613398509236e-10,6.380652484079953e-11,0.0,0.745157028794514,0.0,0.9817047527868633,0.04343225730213568,6.985464577366747e-17,4.5293438776192397e-17,0.0,0.0,0.0,0.0,0.0,0.0,0.0,0.0,0.6282098324425567,0.9933011843796836,0.9384875877523089,0.373670133546108,0.015344079355238684,0.05326722162946755,0.0,0.04966835123183828,0.0249914518891931,0.052244456462952955,0.02337432644984023,0.0,0.0,0.0,0.0,0.288,0.0,0.49608836907082515,0.0,0.0,0.012048192771084341,0.015598942158957942,0.0,0.9071657982991703,0.16705812711974852,0.0,0.6461669939383947,0.9034008478942764,0.0,0.0,0.0,0.0,0.0,0.0,0.07580312052146262,0.014418974197259488,0.0014036738681985263,0.0035812768783737283,1.5349337158730885e-16,8.493232149861053e-17,0.15708710846664076,0.18603488450536332,0.6864227189080141,0.6238550301978146,0.4713618611750494,0.6594025450863135,0.0,0.0,1.0,1.0,0.0,0.5977008424687325,0.3979402617096325
0.4145045744248595,0.16683997083548188,0.815271201766487,0.07860450309233326,0.05728763108764977,0.5760447995982674,0.07565932043363506,0.0,0.0,0.0,0.052631974208358245,0.0319331918791921,0.7728487608969291,0.21417787939102415,0.38911204432280844,3.8787604690889045e-24,7.922133584755684e-25,4.323790577163115e-37,4.2328208965955153e-38,0.670010608937297,0.09147478691838769,0.03957501195913106,0.0,0.5056336644791668,0.0,0.0,8.025481392201156e-18,0.0,0.0,0.23294090725205033,1.3654994703958552e-18,1.211257647865298e-19,0.7562796613910908,0.08310305079654311,3.7872810537739675e-05,0.0001497146867910809,0.0685058896466212,0.28065394471602123,0.24217684621183833,0.1502409855408675,0.147409797804761,3.621480780040561e-08,1.3482162353245358e-08,0.0,0.130510689703054,0.0,0.5471692285315753,0.05776803012794424,1.4846654609663521e-18,1.5515251988711696e-19,0.0,0.0,0.0,0.0,0.0,0.0,0.0,0.0,0.30230402675128526,0.20286700553273082,0.6450536578421711,0.0483834214731534,0.0685058896466212,0.16974495902771386,0.25201546645130224,0.13072792652704213,0.12720412463489028,0.1688480259599784,0.0136654316561719,0.0,0.0,0.0,0.0,0.0,0.0,0.10217024041585444,0.0,0.0,0.024096385542168676,0.03912237400558085,0.0,0.7900316214575338,0.02589809654227785,0.0,0.5860747880103008,0.06768492943483904,0.0,0.0,0.0,0.0,0.0,0.0,0.07640854185029018,0.010214911537876705,0.0,6.869551317627438e-05,0.0,0.0,0.27938100968883195,0.24034601508022435,0.35769137488587266,0.2118804381599385,0.19816563021440692,0.3148576296330481,0.0,0.0,1.0,0.1524032367019585,0.0,0.5589367503012153,0.08385623271004895
0.363276112920297,0.7719803062625672,0.04898859646561626,0.5654982753376814,1.0,0.6090789785598181,0.23372297513695092,0.0,0.0,0.0,0.25928675846491855,0.3898479271880002,0.9415368667241247,0.1033679524893958,0.36884934977735706,1.2993736267772074e-21,1.0981550920382685e-20,3.1560551786826176e-33,6.670255396956189e-33,0.24771531578079004,0.11084789211351828,0.10298455555480049,0.0,0.2594236190253057,2.8837340603938923e-18,5.538429326097011e-18,3.473601910773799e-15,3.487707218926552e-18,6.300387634202613e-18,0.0,5.798044606169499e-18,1.1515829946919435e-17,0.022820256118284976,0.5362098188729474,0.02705455372292393,0.036301426668172196,0.033168009919404835,0.5302754282713948,1.0,0.2748519035346173,0.22034527623995712,5.898203006770768e-06,1.9503916455931095e-06,0.0,0.02346228081027004,0.0,0.7864947476214975,0.09272100775270628,4.252989287666898e-18,8.507151872049038e-18,0.0,0.0,0.0,0.0,0.0,0.0,0.0,0.0,0.1549079145079861,0.2604797550784439,0.7482852226565795,0.302324029379253,0.033168009919404835,0.0,0.15920859570648505,0.03837650031585598,0.025078357103625687,0.00016379510159932054,0.008049559220264542,0.46017699115044247,0.0,0.0,0.0,0.027969924812030072,0.0,0.08129954515919428,0.0,0.46017699115044247,0.6626506024096386,0.015918211743503323,0.0,0.5325223082862933,0.18021869068374366,0.0,0.22947209004249025,0.0032012066332669196,0.0,0.0,0.0,0.0,0.0,0.0,0.21180630119510743,0.12897491164280928,0.014232618391064196,0.02054091323223984,2.9473358625604132e-18,5.294318469377714e-18,0.5309785509741339,0.9957775583889159,0.1446870450679938,0.3960266269818401,0.27612540924757883,0.5736049995920309,0.0,0.0,0.04735289551311908,0.04331472727726106,0.0,0.2840485504800343,0.3647692965184423
0.0938262835651619,0.08914450200418353,0.7889717637911379,0.4325773364710245,0.13309081337829945,0.8745806936687817,0.03701053075142785,0.0,0.0,0.0,0.09682570553285426,0.10852333458043299,0.6508306990661518,0.38798280394750434,0.5760674452214527,4.746836209798601e-22,7.02200931254139e-22,1.3037156572553249e-34,1.2936376324101857e-34,0.8732579601349184,0.06577695062783585,0.015655878263900695,0.0,0.621622291420622,1.835440142108924e-17,1.2106152585589775e-17,1.0129939904425693e-15,5.0498544170386156e-17,3.0966086524283655e-17,0.1073066031375017,1.1677247232115143e-17,8.526971123740744e-18,0.6900935552713657,0.3963714721952985,0.000810273550924914,0.001730681334686433,0.0,0.07624032253388768,0.4434677920861567,0.9999999999999998,1.0,1.2003007280828394e-09,2.1166458659103977e-10,0.0,0.03612611686662342,0.0,1.0,0.0124534857681594,1.26329360136171e-17,9.389349466853642e-18,0.0,0.0,0.0,0.0,0.0,0.0,0.0,0.0,0.47537188304362676,0.6222189752882827,1.0,0.01711100013317154,0.0,0.003008606075705302,0.011479513011080082,0.0,0.0,0.0019315460094259454,0.002457130906287925,0.061946902654867256,0.0,0.0,0.0,0.06545454545454546,0.0,0.13057829759584144,0.0,0.061946902654867256,0.10843373493975905,0.021117764810605972,0.0,0.8953018126088113,0.022808912360883296,0.0,1.0,0.028913455169989593,0.0,0.0,0.0,0.0,0.0,0.0,0.08228351574927424,0.027359288047783772,0.07900317729513825,0.4210503906636507,1.6248281871275964e-17,1.103093862051873e-17,0.07861264764088871,0.42539706006095757,0.5268880230921329,0.8780099016802861,0.9999999999999998,1.0,0.0,0.0,0.39085545722713866,0.42131400152421494,0.0,0.6077804334101253,0.13783082401240296
