id,raw,class
-0.9694638414402778,-0.20600133227792222,0.0
-0.7392161790982118,0.024154260066089426,0.0
-0.09348401328174107,0.3693876485821069,0.0
-0.005193556293430059,0.3693876485821069,0.0
-0.8603991592782465,0.024154260066089426,0.0
-0.6838182453016245,0.024154260066089426,0.0
0.2994950795878001,-1.0115459054819629,1.0
0.2839144107075099,1.0598544256141393,0.0
1.3624429343098188,-1.0115459054819629,1.0
-0.2666025563960764,-0.7813903131379514,1.0
-1.725991874849923,-1.9321682748580082,0.0
0.8205818943619494,0.48446544475411274,1.0
0.3860543511449677,0.13923205623809526,1.0
-0.9227218347994072,0.13923205623809526,0.0
-1.1754749077463367,-0.20600133227792222,0.0
-1.7225295039876363,-2.1623238672020197,0.0
-1.3468622654295286,-0.5512347207939396,0.0
0.6491945366787574,0.8296988332701302,0.0
-0.7842270003079389,-0.0909235361059164,0.0
-1.3364751528426686,-0.43615692462193384,0.0
-1.6636691993287622,-1.9321682748580082,1.0
-0.7928829274636557,-0.32107912844992803,0.0
-1.3122385568066617,-1.0115459054819629,1.0
-0.176580913976622,0.48446544475411274,0.0
0.23197884777320932,0.5995432409261185,0.0
0.3323876027795238,0.7146210370981244,0.0
0.15061313250947173,0.3693876485821069,0.0
-0.2735272981206498,0.3693876485821069,0.0
0.725366695649065,0.9447766294421335,0.0
1.6203895635501784,0.8296988332701302,0.0
1.6792498682090524,0.9447766294421335,0.0
-0.5868718611575967,-0.0909235361059164,0.0
0.3652801259712475,0.3693876485821069,0.0
-1.1875932057643401,-1.9321682748580082,1.0
-0.5349362982232961,0.13923205623809526,0.0
1.407453755519546,-1.0115459054819629,1.0
-0.9971628083385714,-0.0909235361059164,0.0
-0.7028612850442013,0.024154260066089426,0.0
1.6688627556221924,0.7146210370981244,0.0
-0.6543880929721875,0.13923205623809526,0.0
1.1910555766266269,0.9447766294421335,0.0
1.7190671331253495,0.8296988332701302,0.0
-1.3382063382738119,-0.5512347207939396,0.0
0.20427988087491566,0.48446544475411274,0.0
1.6948305370893426,0.8296988332701302,0.0
0.6630440201279042,0.13923205623809526,1.0
-1.6169271926878919,-0.7813903131379514,0.0
-1.6896369807959126,-0.8964681093099571,0.0
-1.4818947290587101,-0.5512347207939396,0.0
-0.8032700400505158,0.024154260066089426,0.0
-0.32719404648609374,0.25430985241010107,0.0
0.20774225173720237,0.8296988332701302,0.0
-1.584034669496168,-0.7813903131379514,0.0
0.9763885831648511,0.9447766294421335,0.0
1.4593893184538467,-0.5512347207939396,1.0
1.3936042720703992,-0.5512347207939396,1.0
1.4161096826752628,-0.5512347207939396,1.0
0.8517432321225297,0.9447766294421335,0.0
0.4137533180432614,0.8296988332701302,0.0
-1.1044963050694592,-0.5512347207939396,0.0
1.059485483859732,0.9447766294421335,0.0
1.5372926628552974,0.9447766294421335,0.0
0.04501082120972718,0.48446544475411274,0.0
0.05193556293430059,0.48446544475411274,0.0
1.0767973381711655,0.9447766294421335,0.0
0.6163020134870337,0.9447766294421335,0.0
0.12637653647346478,0.48446544475411274,0.0
-0.5799471194330232,-0.43615692462193384,1.0
-1.1010339342071724,-0.32107912844992803,0.0
-1.597884152945315,-1.7020126825139967,1.0
-1.6844434245024826,-1.0115459054819629,0.0
1.6879057953647691,0.9447766294421335,0.0
-0.8223130797930926,-0.0909235361059164,0.0
1.4455398350046997,0.024154260066089426,1.0
-1.6359702324304686,-1.0115459054819629,0.0
-0.6266891260738938,0.25430985241010107,0.0
-1.2083674309380605,-0.32107912844992803,0.0
-0.48819429158242555,0.25430985241010107,0.0
-0.6509257221099007,-0.0909235361059164,0.0
-1.7190671331253495,-2.3924794595460317,1.0
-0.34104352993524056,-0.0909235361059164,1.0
0.0848280861260243,0.48446544475411274,0.0
-1.1495071262791865,-0.0909235361059164,0.0
-1.6498197158796155,-0.8964681093099571,0.0
0.8309690069488095,0.9447766294421335,0.0
-1.5476797754421576,-0.7813903131379514,0.0
-1.1270017156743228,-0.0909235361059164,0.0
0.1367636490603249,0.48446544475411274,0.0
-1.319163298531235,-0.43615692462193384,0.0
-1.3624429343098188,-0.5512347207939396,0.0
0.9590767288534175,0.024154260066089426,1.0
0.985044510320568,0.024154260066089426,1.0
-0.35835538424667407,0.48446544475411274,0.0
0.7409473645293551,0.024154260066089426,1.0
1.0092811063565748,1.0598544256141393,0.0
1.1633566097283332,0.9447766294421335,0.0
-0.8257754506553794,0.25430985241010107,0.0
-1.3295504111180951,-4.118646402126117,1.0
-0.6163020134870337,0.25430985241010107,0.0
1.6307766761370386,0.8296988332701302,0.0
-0.8084635963439459,-0.6663125169659455,1.0
0.8811733844519667,0.8296988332701302,0.0
-0.6872806161639111,-0.32107912844992803,1.0
0.3635489405401041,0.3693876485821069,0.0
0.12810772190460812,0.5995432409261185,0.0
0.5280115564987227,0.13923205623809526,1.0
-1.6273143052747518,-1.8170904786860025,1.0
1.4022601992261159,-1.0115459054819629,1.0
-1.5719163714781645,-0.7813903131379514,0.0
-0.5782159340018799,-1.0115459054819629,1.0
-1.2464535104232142,-0.5512347207939396,0.0
0.19735513915034225,-0.0909235361059164,1.0
-1.1096898613628894,-0.5512347207939396,0.0
0.23024766234206595,0.7146210370981244,0.0
0.29430152329437004,0.5995432409261185,0.0
-0.264871370964933,-1.9321682748580082,1.0
0.6543880929721875,0.5995432409261185,0.0
-1.5407550337175842,-0.7813903131379514,0.0
-1.6584756430353322,-0.8964681093099571,0.0
-1.514787252250434,-1.3567792939979793,1.0
-1.378023603190109,-0.5512347207939396,0.0
-1.6411637887238988,-0.7813903131379514,0.0
-0.7876893711702256,-2.737712848062048,1.0
-1.6134648218256051,-0.7813903131379514,0.0
0.23717240406663936,1.5201656103021626,0.0
0.9486896162665575,-1.2417014978259746,1.0
-1.4143784972441193,-0.32107912844992803,0.0
-1.4940130270767138,-0.7813903131379514,0.0
-0.17484972854547867,0.3693876485821069,0.0
-0.353161827953244,0.48446544475411274,0.0
-1.5026689542324305,-1.0115459054819629,0.0
-1.5926905966518847,-1.2417014978259746,1.0
0.8361625632422395,0.5995432409261185,0.0
0.936571318248554,-1.1266237016539689,1.0
-0.7946141128947991,-0.32107912844992803,0.0
1.0317865169614384,1.2900100179581508,0.0
-0.029430152329437003,0.3693876485821069,0.0
-1.4455398350046997,-0.8964681093099571,0.0
-1.3018514442198015,-0.43615692462193384,0.0
-0.9590767288534175,-0.8964681093099571,1.0
0.49685021873814234,1.174932221786145,0.0
-0.24582833122235614,0.25430985241010107,0.0
0.7963452983259424,-0.43615692462193384,1.0
-1.5632604443224478,-0.8964681093099571,0.0
1.686174609933626,0.9447766294421335,0.0
-0.45530176839070186,0.25430985241010107,0.0
0.6076460863313169,-0.6663125169659455,1.0
-1.554604517166731,-0.7813903131379514,0.0
-0.9798509540271378,0.13923205623809526,0.0
-1.603077709238745,-1.2417014978259746,1.0
1.4334215369866963,-1.0115459054819629,1.0
0.34969945709095734,0.5995432409261185,0.0
-0.14195720535375494,-1.2417014978259746,1.0
1.2326040269740675,0.8296988332701302,0.0
1.16162542429719,1.0598544256141393,0.0
1.0750661527400223,0.9447766294421335,0.0
-0.412022132612118,0.3693876485821069,0.0
-0.019043039742576883,0.5995432409261185,0.0
-1.059485483859732,-0.20600133227792222,0.0
-1.3243568548246651,-0.6663125169659455,0.0
0.87771101358968,0.9447766294421335,0.0
-1.2689589210280778,-0.20600133227792222,0.0
0.5228180002052927,-0.8964681093099571,1.0
-1.5286367356995807,-0.43615692462193384,0.0
1.0508295567040153,0.9447766294421335,0.0
-0.5660976359838764,0.25430985241010107,0.0
-1.3001202587886582,-0.43615692462193384,0.0
0.7842270003079389,-7.6860580834582946,1.0
1.7225295039876363,0.8296988332701302,0.0
-1.5684540006158778,-0.7813903131379514,0.0
-1.6740563119156224,-0.7813903131379514,0.0
0.8032700400505158,0.9447766294421335,0.0
1.1564318680037597,0.9447766294421335,0.0
-0.9556143579911309,-0.0909235361059164,0.0
-0.4916566624447123,0.3693876485821069,0.0
0.45876413925298853,0.7146210370981244,0.0
0.8967540533322569,1.2900100179581508,0.0
-1.731185431143353,-1.9321682748580082,0.0
0.6509257221099007,0.7146210370981244,0.0
0.17484972854547867,0.5995432409261185,0.0
0.18696802656348213,0.5995432409261185,0.0
0.7617215897030754,-0.7813903131379514,1.0
-1.5892282257895982,-0.7813903131379514,0.0
0.500312589600429,0.7146210370981244,0.0
-0.5609040796904464,0.48446544475411274,0.0
0.7824958148767955,0.9447766294421335,0.0
0.07963452983259424,0.48446544475411274,0.0
-0.3981726491629712,0.3693876485821069,0.0
0.37393605312696426,0.48446544475411274,0.0
0.4864631061512822,0.13923205623809526,1.0
1.005818735494288,0.9447766294421335,0.0
0.8465496758290997,0.8296988332701302,0.0
-1.0317865169614384,-0.32107912844992803,0.0
1.260302993872361,0.9447766294421335,0.0
0.5176244439118626,0.7146210370981244,0.0
0.5903342320198834,0.8296988332701302,0.0
-1.5511421463044444,-0.7813903131379514,0.0
-0.5401298545167261,0.024154260066089426,0.0
1.0490983712728719,0.8296988332701302,0.0
-0.30122626501894345,0.3693876485821069,0.0
-1.6238519344124651,-1.0115459054819629,0.0
-0.25621544380921624,0.024154260066089426,1.0
1.3520558217229588,-0.7813903131379514,1.0
-1.3451310799983853,-0.6663125169659455,0.0
-1.4801635436275669,-0.5512347207939396,0.0
0.15234431794061506,0.3693876485821069,0.0
-1.0854532653268825,-0.20600133227792222,0.0
0.7288290665113516,0.5995432409261185,0.0
0.24582833122235614,0.5995432409261185,0.0
1.431690351555553,-1.2417014978259746,1.0
1.3018514442198015,0.7146210370981244,0.0
1.0421736295482986,0.9447766294421335,0.0
0.4691512518398487,0.13923205623809526,1.0
-1.7156047622630628,-1.471857090169985,0.0
-0.9538831725599876,-0.0909235361059164,0.0
-0.5055061458938591,-3.5432574212660883,1.0
-1.289733146201798,-0.6663125169659455,0.0
-0.20427988087491566,0.48446544475411274,0.0
-1.0577542984285888,-0.32107912844992803,0.0
-0.15926905966518848,0.13923205623809526,0.0
-0.13157009276689483,0.5995432409261185,0.0
1.2187545435249205,0.8296988332701302,0.0
0.4033662054564013,0.8296988332701302,0.0
-0.9348401328174106,-0.0909235361059164,0.0
0.4674200664087053,-1.7020126825139967,1.0
1.2135609872314905,0.8296988332701302,0.0
0.2908391524320833,0.8296988332701302,0.0
-0.07270978810802083,0.48446544475411274,0.0
-0.8638615301405331,-0.5512347207939396,1.0
-0.4518393975284151,0.3693876485821069,0.0
1.4715076164718501,-0.0909235361059164,1.0
-0.2285164769109226,0.3693876485821069,0.0
-0.46568888097756195,-0.5512347207939396,1.0
-0.7980764837570857,0.024154260066089426,0.0
0.347968271659814,0.7146210370981244,0.0
-0.5245491856364359,0.3693876485821069,0.0
0.6803558744393378,1.0598544256141393,0.0
1.490550656214427,0.25430985241010107,1.0
0.2510218875157862,1.0598544256141393,0.0
0.053666748365443946,0.024154260066089426,1.0
-1.0871844507580257,-0.32107912844992803,0.0
-0.5764847485707366,-1.0115459054819629,1.0
0.9106035367814037,0.9447766294421335,0.0
-1.1131522322251761,-0.5512347207939396,0.0
-0.05712911922773065,0.48446544475411274,0.0
-0.37566723855810763,-3.313101828922077,1.0
-0.45876413925298853,0.3693876485821069,0.0
0.06059149009001736,0.5995432409261185,0.0
-0.05193556293430059,0.3693876485821069,0.0
0.9088723513502603,0.8296988332701302,0.0
0.843087304966813,0.5995432409261185,0.0
0.907141165919117,0.9447766294421335,0.0
0.8500120466913863,0.9447766294421335,0.0
1.3572493780163888,-0.7813903131379514,1.0
0.436258728648125,-0.0909235361059164,1.0
1.201442689213487,0.8296988332701302,0.0
1.2395287686986407,0.9447766294421335,0.0
0.40855976174983133,0.48446544475411274,0.0
-0.1990863245814856,0.48446544475411274,0.0
-1.5944217820830282,-2.3924794595460317,1.0
0.2977638941566567,-0.5512347207939396,1.0
-0.3220004901926637,0.3693876485821069,0.0
0.49511903330699897,0.7146210370981244,0.0
-0.5695600068461631,0.13923205623809526,0.0
0.9209906493682638,0.7146210370981244,0.0
-1.6325078615681818,-1.0115459054819629,0.0
-1.500937768801287,-0.8964681093099571,0.0
0.24236596036006944,0.7146210370981244,0.0
-0.11598942388660466,0.25430985241010107,0.0
1.696561722520486,0.8296988332701302,0.0
-0.3064198213123735,-1.0115459054819629,1.0
0.37047368226467753,0.3693876485821069,0.0
-0.8586679738471031,0.024154260066089426,0.0
1.3416687091360986,-0.0909235361059164,1.0
-1.1304640865366096,-0.32107912844992803,0.0
-1.0629478547220188,-2.2774016633740257,1.0
0.04154845034744047,0.3693876485821069,0.0
-0.18350565570119542,0.48446544475411274,0.0
-0.2977638941566567,0.5995432409261185,0.0
1.5459485900110144,0.9447766294421335,0.0
-0.9088723513502603,-0.5512347207939396,1.0
0.8153883380685193,0.8296988332701302,0.0
0.7755710731522222,-0.32107912844992803,1.0
1.3070450005132315,0.5995432409261185,0.0
-0.6024525300378869,0.13923205623809526,0.0
-1.4334215369866963,-0.43615692462193384,0.0
0.2579466292403596,0.5995432409261185,0.0
-1.6654003847599057,-1.3567792939979793,0.0
-0.49685021873814234,-0.43615692462193384,1.0
-1.5753787423404513,-0.8964681093099571,0.0
1.6221207489813219,0.9447766294421335,0.0
0.3548930133843874,0.48446544475411274,0.0
-0.21639817889291912,0.3693876485821069,0.0
0.6093772717624603,0.5995432409261185,0.0
1.5407550337175842,-1.3567792939979793,1.0
0.16100024509633185,0.5995432409261185,0.0
0.26833374182721975,0.3693876485821069,0.0
0.6301514969361806,0.48446544475411274,0.0
1.6602068284664755,0.5995432409261185,0.0
-0.8673239010028199,-1.2417014978259746,1.0
-1.1460447554168998,-0.43615692462193384,0.0
0.32546286105495037,0.3693876485821069,0.0
-1.6827122390713392,-1.0115459054819629,0.0
0.37566723855810763,0.5995432409261185,0.0
0.564366450552733,-0.5512347207939396,1.0
1.4213032389686928,-0.8964681093099571,1.0
-0.09521519871288442,-1.9321682748580082,1.0
-1.4386150932801265,-0.5512347207939396,0.0
0.7011300996130579,0.8296988332701302,0.0
0.34104352993524056,0.7146210370981244,0.0
0.43798991407926835,-0.32107912844992803,1.0
0.6907429870261979,-7.916213675802306,1.0
-0.15234431794061506,0.48446544475411274,0.0
-0.8811733844519667,-0.7813903131379514,1.0
-0.08136571526373759,-0.8964681093099571,1.0
0.16792498682090526,-0.7813903131379514,1.0
0.0553979337965873,0.5995432409261185,0.0
-0.7149795830622048,-1.0115459054819629,1.0
-0.43279635778583825,-0.0909235361059164,1.0
-0.5937966028821701,0.13923205623809526,0.0
-1.3260880402558084,-0.7813903131379514,0.0
-0.46395769554641864,-0.0909235361059164,0.0
1.7121423914007763,0.9447766294421335,0.0
1.225679285249494,0.8296988332701302,0.0
0.27006492725836306,0.5995432409261185,0.0
0.8136571526373759,1.2900100179581508,0.0
0.7357538082359251,0.7146210370981244,0.0
1.0871844507580257,0.9447766294421335,0.0
-0.1142582384554613,0.48446544475411274,0.0
0.3618177551089608,0.3693876485821069,0.0
0.11252705302431795,-0.7813903131379514,1.0
-1.544217404579871,-0.7813903131379514,0.0
0.9400336891108407,-1.3567792939979793,1.0
-0.7478721062539285,0.25430985241010107,0.0
0.28910796700093994,0.5995432409261185,0.0
0.30122626501894345,0.3693876485821069,0.0
-0.19043039742576884,0.48446544475411274,0.0
-0.09175282785059771,0.13923205623809526,0.0
0.08309690069488095,0.48446544475411274,0.0
0.6111084571936036,0.9447766294421335,0.0
1.4143784972441193,-0.6663125169659455,1.0
0.7738398877210788,-1.0115459054819629,1.0
-0.20081751001262896,0.3693876485821069,0.0
1.1650877951594767,0.9447766294421335,0.0
-0.25967781467150297,-0.7813903131379514,1.0
-0.4604953246841319,-0.0909235361059164,0.0
-0.4899254770135689,0.25430985241010107,0.0
-0.9452272454042707,0.13923205623809526,0.0
-1.2741524773215078,-0.5512347207939396,0.0
-1.6013465238076017,-1.3567792939979793,1.0
1.1391200136923263,0.8296988332701302,0.0
-0.9625390997157043,-0.20600133227792222,0.0
-1.0473671858417286,-0.20600133227792222,0.0
-1.426496795262123,-0.32107912844992803,0.0
0.07270978810802083,0.48446544475411274,0.0
1.2741524773215078,0.9447766294421335,0.0
0.695936543319628,0.5995432409261185,0.0
0.6595816492656175,0.13923205623809526,1.0
-0.7011300996130579,-0.0909235361059164,0.0
-1.6255831198436086,-1.3567792939979793,1.0
0.5124308876184325,0.8296988332701302,0.0
-0.2215917351863492,0.48446544475411274,0.0
0.848280861260243,0.8296988332701302,0.0
1.5217119939750074,0.8296988332701302,0.0
-1.249915881285501,-1.471857090169985,1.0
-1.6688627556221924,-0.8964681093099571,0.0
0.8932916824699701,1.0598544256141393,0.0
-0.5851406757264533,0.13923205623809526,0.0
1.397066642932686,-0.7813903131379514,1.0
1.118345788518606,0.48446544475411274,1.0
-0.03981726491629712,-0.0909235361059164,1.0
0.9902380666139979,-0.20600133227792222,1.0
-0.4535705829595585,0.3693876485821069,0.0
-1.4005290137949726,-0.5512347207939396,0.0
-0.1402260199226116,0.3693876485821069,0.0
-0.9417648745419841,-0.20600133227792222,0.0
-0.5626352651215898,0.3693876485821069,0.0
-0.41548450347440474,-0.43615692462193384,1.0
1.3987978283638294,-1.0115459054819629,1.0
1.0906468216203125,0.8296988332701302,0.0
-0.47088243727099205,0.48446544475411274,0.0
-1.0179370335122917,-1.2417014978259746,1.0
0.1696561722520486,-0.0909235361059164,1.0
-0.30295745045008676,0.13923205623809526,0.0
0.8603991592782465,0.9447766294421335,0.0
-0.6647752055590476,0.13923205623809526,0.0
-1.533830291993011,-0.7813903131379514,0.0
-1.0092811063565748,-0.43615692462193384,0.0
1.5771099277715945,0.9447766294421335,0.0
-0.053666748365443946,-8.376524860490328,1.0
-0.6855494307327679,-0.0909235361059164,0.0
1.5909594112207415,1.0598544256141393,0.0
-1.5771099277715945,-6.3051245293942255,1.0
-0.26314018553378965,-0.7813903131379514,1.0
1.5511421463044444,0.8296988332701302,0.0
1.5892282257895982,1.0598544256141393,0.0
-0.4276028014924082,-1.2417014978259746,1.0
-0.8690550864339632,-1.0115459054819629,1.0
0.47780717899556546,0.8296988332701302,0.0
0.5626352651215898,0.3693876485821069,1.0
-1.7121423914007763,-1.3567792939979793,0.0
-1.0456360004105854,-0.7813903131379514,1.0
-1.2395287686986407,-2.3924794595460317,1.0
0.1142582384554613,0.3693876485821069,0.0
0.3306564173483804,0.7146210370981244,0.0
1.289733146201798,0.9447766294421335,0.0
-0.5366674836544395,0.13923205623809526,0.0
1.0941091924825992,0.7146210370981244,0.0
1.5165184376815772,0.9447766294421335,0.0
-0.5383986690855828,0.024154260066089426,0.0
-0.2579466292403596,-0.32107912844992803,1.0
-1.45592694759156,-0.7813903131379514,0.0
-0.18177447027005206,0.5995432409261185,0.0
0.9971628083385714,0.5995432409261185,0.0
-1.2862707753395113,-0.7813903131379514,0.0
-1.1512383117103298,-0.32107912844992803,0.0
1.5234431794061507,0.7146210370981244,0.0
0.06751623181459077,0.5995432409261185,0.0
-0.8396249341045262,-0.0909235361059164,0.0
0.6024525300378869,0.48446544475411274,0.0
0.025967781467150296,0.48446544475411274,0.0
-0.4016350200252579,0.3693876485821069,0.0
1.2931955170640848,0.9447766294421335,0.0
-0.4137533180432614,0.024154260066089426,0.0
0.42587161606126483,0.7146210370981244,0.0
0.35143064252210066,0.5995432409261185,0.0
0.8101947817750892,0.8296988332701302,0.0
1.7034864642450593,0.9447766294421335,0.0
-0.8292378215176661,0.13923205623809526,0.0
-1.6930993516581994,-1.2417014978259746,0.0
-1.1148834176563194,-0.32107912844992803,0.0
0.4795383644267088,1.0598544256141393,0.0
0.5401298545167261,0.5995432409261185,0.0
1.1823996494709101,0.9447766294421335,0.0
-1.142582384554613,-0.32107912844992803,0.0
-0.985044510320568,0.25430985241010107,0.0
-0.9123347222125471,-0.32107912844992803,0.0
-1.3555181925852455,-0.43615692462193384,0.0
-0.15407550337175843,0.48446544475411274,0.0
0.39297909286954114,0.3693876485821069,0.0
1.3659053051721055,-1.2417014978259746,1.0
0.019043039742576883,0.3693876485821069,0.0
1.6446261595861853,0.7146210370981244,0.0
-1.5701851860470213,-0.7813903131379514,0.0
0.013849483449146825,0.48446544475411274,0.0
0.12118298018003472,0.5995432409261185,0.0
0.15926905966518848,0.7146210370981244,0.0
1.014474662650005,1.0598544256141393,0.0
0.5332051127921528,0.8296988332701302,0.0
-0.5262803710675793,-0.0909235361059164,0.0
1.372830046896679,-0.5512347207939396,1.0
-0.0069247417245734124,0.3693876485821069,0.0
-1.4663140601784201,-0.32107912844992803,0.0
0.17138735768319197,0.3693876485821069,0.0
1.244722324992071,-0.43615692462193384,1.0
1.7277230602810663,0.8296988332701302,0.0
-0.3652801259712475,0.25430985241010107,0.0
-0.7270978810802082,-0.20600133227792222,0.0
-0.5141620730495758,0.13923205623809526,0.0
0.36701131140239085,0.3693876485821069,0.0
0.5106997021872891,0.48446544475411274,0.0
1.1529694971414732,0.9447766294421335,0.0
0.4501082120972718,1.174932221786145,0.0
-0.8880981261765402,0.024154260066089426,0.0
-0.7634527751342187,0.3693876485821069,0.0
0.24409714579121278,0.5995432409261185,0.0
0.206011066306059,0.5995432409261185,0.0
-0.34450590079752724,-0.32107912844992803,1.0
-0.8448184903979563,-0.0909235361059164,0.0
-0.6353450532296105,-0.20600133227792222,1.0
1.3226256693935217,0.48446544475411274,1.0
1.3641741197409623,-1.1266237016539689,1.0
0.9452272454042707,-1.471857090169985,1.0
0.25967781467150297,0.7146210370981244,0.0
-0.3635489405401041,0.25430985241010107,0.0
-1.5303679211307242,-0.5512347207939396,0.0
-0.4501082120972718,0.3693876485821069,0.0
1.1962491329200569,0.8296988332701302,0.0
0.1402260199226116,-0.43615692462193384,1.0
-0.29430152329437004,0.3693876485821069,0.0
-1.525174364837294,-0.7813903131379514,0.0
-0.5955277883133134,0.024154260066089426,0.0
1.5719163714781645,0.9447766294421335,0.0
-0.6318826823673239,-1.0115459054819629,1.0
-1.0923780070514557,-1.471857090169985,1.0
-1.2672277355969344,-0.32107912844992803,0.0
-0.5972589737444568,-3.6583352174380943,1.0
-0.11252705302431795,0.5995432409261185,0.0
-0.30815100674351686,-1.0115459054819629,1.0
-0.23197884777320932,0.3693876485821069,0.0
-1.6515509013107588,-1.0115459054819629,0.0
0.6457321658164706,0.9447766294421335,0.0
1.2274104706806372,0.8296988332701302,0.0
-0.015580668880290178,0.5995432409261185,0.0
-0.21466699346177578,0.3693876485821069,0.0
-0.39297909286954114,-2.8527906442340534,1.0
0.3791296094203943,0.8296988332701302,0.0
1.731185431143353,0.8296988332701302,0.0
-1.7242606894187797,-2.047246071030014,0.0
0.005193556293430059,0.7146210370981244,0.0
1.720798318556493,0.8296988332701302,0.0
-1.2758836627526513,-0.43615692462193384,0.0
1.4438086495735565,0.024154260066089426,1.0
1.4386150932801265,-0.32107912844992803,1.0
-0.9642702851468476,-0.0909235361059164,0.0
0.0034623708622867062,0.8296988332701302,0.0
0.1333012781980382,0.3693876485821069,0.0
-0.2821832252763665,0.3693876485821069,0.0
1.3693676760343922,-1.3567792939979793,1.0
-1.2049050600757738,-0.43615692462193384,0.0
0.6318826823673239,0.48446544475411274,0.0
0.966001470577991,0.25430985241010107,1.0
-1.1893243911954836,-0.5512347207939396,0.0
-1.4732388019029934,-2.9678684404060593,1.0
0.25621544380921624,0.7146210370981244,0.0
0.3687424968335342,0.3693876485821069,0.0
-0.7374849936670684,0.13923205623809526,0.0
-1.6446261595861853,-0.8964681093099571,0.0
0.9573455434222743,0.024154260066089426,1.0
-0.47434480813327873,0.3693876485821069,0.0
-0.28910796700093994,0.13923205623809526,0.0
0.6526569075410441,0.7146210370981244,0.0
0.1990863245814856,0.7146210370981244,0.0
0.2873767815697966,0.8296988332701302,0.0
-0.9175282785059771,-0.0909235361059164,0.0
-0.05020437750315724,0.48446544475411274,0.0
-0.6007213446067435,0.13923205623809526,0.0
-1.0404424441171551,-0.32107912844992803,0.0
-0.8465496758290997,0.024154260066089426,0.0
-1.1772060931774802,-0.32107912844992803,0.0
-1.6982929079516293,-1.5869348863419908,0.0
-0.5470545962412996,0.48446544475411274,0.0
-1.6705939410533357,-1.0115459054819629,0.0
-0.1696561722520486,-0.20600133227792222,1.0
1.348593450860672,-0.6663125169659455,1.0
-0.2994950795878001,0.5995432409261185,0.0
1.3797547886212524,0.3693876485821069,1.0
-1.0265929606680084,-1.9321682748580082,1.0
-0.13849483449146824,0.3693876485821069,0.0
-0.8015388546193725,0.13923205623809526,0.0
-0.4189468743366914,-1.0115459054819629,1.0
1.5667228151847346,0.9447766294421335,0.0
0.10733349673088789,0.5995432409261185,0.0
0.34450590079752724,0.7146210370981244,0.0
-1.3070450005132315,-0.5512347207939396,0.0
0.7201731393556349,0.9447766294421335,0.0
0.21986054975520583,0.7146210370981244,0.0
-0.37393605312696426,0.5995432409261185,0.0
1.2862707753395113,0.5995432409261185,0.0
-0.8846357553142534,-0.0909235361059164,0.0
-1.4645828747472767,-0.32107912844992803,0.0
-0.06751623181459077,0.25430985241010107,0.0
-0.2544842583780729,0.3693876485821069,0.0
0.5383986690855828,0.7146210370981244,0.0
-0.6491945366787574,0.13923205623809526,0.0
-0.5453234108101562,0.5995432409261185,0.0
0.9729262123025644,0.8296988332701302,0.0
-0.7461409208227852,-1.471857090169985,1.0
1.573647556909308,0.9447766294421335,0.0
-1.701755278813916,-2.5075572557180372,1.0
-1.5113248813881472,-0.7813903131379514,0.0
0.5989901591756002,0.7146210370981244,0.0
0.4830007352889955,0.5995432409261185,0.0
1.6775186827779092,0.9447766294421335,0.0
-0.12637653647346478,-0.20600133227792222,1.0
-0.03462370862286706,-1.3567792939979793,1.0
1.6705939410533357,0.7146210370981244,0.0
-1.4022601992261159,-0.5512347207939396,0.0
0.24063477492892607,0.9447766294421335,0.0
-0.013849483449146825,0.48446544475411274,0.0
1.6550132721730455,0.5995432409261185,0.0
1.137388828261183,0.8296988332701302,0.0
-0.6820870598704811,0.3693876485821069,0.0
-1.4195720535375496,-0.32107912844992803,0.0
-1.2100986163692038,-0.43615692462193384,0.0
-0.87251745729625,-1.0115459054819629,1.0
1.2049050600757738,0.8296988332701302,0.0
1.2291416561117807,0.8296988332701302,0.0
1.1460447554168998,0.9447766294421335,0.0
1.1062274905006027,0.48446544475411274,1.0
-0.8361625632422395,0.024154260066089426,0.0
1.7052176496762028,0.9447766294421335,0.0
0.11945179474889137,0.8296988332701302,0.0
-0.907141165919117,-0.20600133227792222,0.0
-1.4593893184538467,-0.5512347207939396,0.0
0.4206780597678348,-0.32107912844992803,1.0
0.33758115907295383,0.7146210370981244,0.0
-1.7034864642450593,-1.9321682748580082,1.0
0.9261842056616939,0.024154260066089426,1.0
0.12464535104232143,0.5995432409261185,0.0
1.6827122390713392,-3.0829462365780653,1.0
-0.7859581857390823,0.024154260066089426,0.0
0.9331089473862673,-1.2417014978259746,1.0
-0.5920654174510267,-2.9678684404060593,1.0
1.083722079895739,0.9447766294421335,0.0
0.032892523191723706,0.3693876485821069,0.0
1.1841308349020534,0.9447766294421335,0.0
0.87251745729625,0.8296988332701302,0.0
-0.07097860267687747,0.5995432409261185,0.0
1.5269055502684374,0.48446544475411274,1.0
-1.2412599541297842,-0.5512347207939396,0.0
-0.35143064252210066,0.3693876485821069,0.0
1.0854532653268825,0.9447766294421335,0.0
-1.3416687091360986,-0.32107912844992803,0.0
-1.686174609933626,-1.1266237016539689,0.0
1.3347439674115251,-0.32107912844992803,1.0
-0.9746573977337077,0.13923205623809526,0.0
1.642894974155042,0.7146210370981244,0.0
0.671699947283621,-1.1266237016539689,1.0
-1.3347439674115251,-0.5512347207939396,0.0
-1.667131570191049,-1.0115459054819629,0.0
-0.4345275432169816,0.024154260066089426,0.0
0.07790334440145089,0.48446544475411274,0.0
0.6890118015950545,0.9447766294421335,0.0
-0.9192594639371204,-0.0909235361059164,0.0
1.1997115037823436,0.8296988332701302,0.0
1.6757874973467657,0.9447766294421335,0.0
-0.5418610399478695,-3.5432574212660883,1.0
1.46112050388499,-0.5512347207939396,1.0
-0.6249579406427505,0.3693876485821069,0.0
1.2343352124052107,0.9447766294421335,0.0
0.37739842398925094,0.7146210370981244,0.0
0.2735272981206498,0.13923205623809526,1.0
0.7184419539244915,0.9447766294421335,0.0
0.9123347222125471,0.9447766294421335,0.0
1.1356576428300396,0.8296988332701302,0.0
0.5193556293430059,0.7146210370981244,0.0
1.4247656098309796,-1.3567792939979793,1.0
-0.3462370862286706,0.3693876485821069,0.0
1.0439048149794419,0.9447766294421335,0.0
-1.4541957621604165,-1.1266237016539689,1.0
-0.07617215897030753,0.024154260066089426,1.0
0.3220004901926637,0.5995432409261185,0.0
-0.3098821921746602,-0.7813903131379514,1.0
1.1806684640397669,0.9447766294421335,0.0
-0.21293580803063242,0.5995432409261185,0.0
-0.15061313250947173,0.48446544475411274,0.0
-1.4680452456095634,-0.43615692462193384,0.0
1.4490022058669865,0.024154260066089426,1.0
1.3451310799983853,-0.5512347207939396,1.0
-0.8500120466913863,-0.8964681093099571,1.0
0.23371003320435266,0.9447766294421335,0.0
0.43279635778583825,1.174932221786145,0.0
1.1495071262791865,0.9447766294421335,0.0
-1.5528733317355876,-0.7813903131379514,0.0
0.7703775168587921,0.9447766294421335,0.0
0.7669151459965055,1.2900100179581508,0.0
-0.7167107684933481,-0.5512347207939396,1.0
1.3312815965492386,-0.5512347207939396,1.0
0.24755951665349948,0.7146210370981244,0.0
-1.6394326032927553,-0.5512347207939396,0.0
-1.4697764310407067,-0.5512347207939396,0.0
-1.0335177023925817,-0.20600133227792222,0.0
1.6325078615681818,0.9447766294421335,0.0
-1.372830046896679,-2.622635051890043,1.0
1.5823034840650247,0.9447766294421335,0.0
0.21120462259948908,0.7146210370981244,0.0
1.4524645767292732,-0.0909235361059164,1.0
-1.7173359476942063,-1.9321682748580082,0.0
0.024236596036006943,0.48446544475411274,0.0
1.4784323581964236,-0.20600133227792222,1.0
0.10387112586860119,0.25430985241010107,0.0
-0.9486896162665575,-0.0909235361059164,0.0
-1.2931955170640848,-0.5512347207939396,0.0
0.5660976359838764,-0.0909235361059164,1.0
-0.18004328483890872,0.7146210370981244,0.0
1.270690106459221,0.8296988332701302,0.0
-0.20774225173720237,-2.3924794595460317,1.0
1.0300553315302952,1.0598544256141393,0.0
1.539023848286441,-1.1266237016539689,1.0
-0.6526569075410441,0.13923205623809526,0.0
-1.1339264573988963,-0.32107912844992803,0.0
1.2170233580937773,0.8296988332701302,0.0
-1.2776148481837946,-0.32107912844992803,0.0
1.097571563344886,0.5995432409261185,0.0
0.5557105233970163,0.8296988332701302,0.0
0.7582592188407886,-1.471857090169985,1.0
-1.4715076164718501,-0.5512347207939396,0.0
-0.9140659076436904,-2.622635051890043,1.0
-0.6232267552116071,0.25430985241010107,0.0
1.701755278813916,0.9447766294421335,0.0
1.5286367356995807,0.5995432409261185,0.0
-0.7790334440145089,0.024154260066089426,0.0
1.3503246362918153,-0.6663125169659455,1.0
-0.12464535104232143,-0.7813903131379514,1.0
-0.8863669407453968,0.024154260066089426,0.0
1.4057225700884026,-1.0115459054819629,1.0
0.29603270872551335,0.7146210370981244,0.0
-1.4784323581964236,-0.5512347207939396,0.0
1.6584756430353322,0.5995432409261185,0.0
1.608271265532175,0.13923205623809526,1.0
-1.0352488878237252,-0.20600133227792222,0.0
-0.07963452983259424,-0.8964681093099571,1.0
1.519980808543864,0.9447766294421335,0.0
-0.5903342320198834,0.13923205623809526,0.0
0.6440009803853274,0.9447766294421335,0.0
-0.9296465765239806,-0.0909235361059164,0.0
0.6041837154690303,0.9447766294421335,0.0
-1.4091849409506894,-0.5512347207939396,0.0
0.2544842583780729,1.0598544256141393,0.0
0.3877855365761111,-0.5512347207939396,1.0
-0.6786246890081944,-3.0829462365780653,1.0
-1.4836259144898536,-0.5512347207939396,0.0
-0.43106517235469494,-0.5512347207939396,1.0
0.9244530202305505,0.5995432409261185,0.0
-0.032892523191723706,0.13923205623809526,1.0
-1.3901419012081124,-2.1623238672020197,1.0
1.0958403779137424,0.7146210370981244,0.0
-0.2025486954437723,0.48446544475411274,0.0
-1.2481846958543577,-1.2417014978259746,1.0
-1.2239480998183505,-2.1623238672020197,1.0
1.426496795262123,-1.471857090169985,1.0
-1.0387112586860119,-0.0909235361059164,0.0
-1.519980808543864,-1.0115459054819629,0.0
0.35835538424667407,0.48446544475411274,0.0
-1.3814859740523957,-0.7813903131379514,0.0
0.7998076691882291,0.9447766294421335,0.0
-0.28564559613865326,0.25430985241010107,0.0
-1.3053138150820882,-0.5512347207939396,0.0
0.759990404271932,0.8296988332701302,0.0
1.3053138150820882,0.5995432409261185,0.0
1.5615292588913046,0.9447766294421335,0.0
1.2239480998183505,0.8296988332701302,0.0
1.525174364837294,0.5995432409261185,0.0
0.264871370964933,0.5995432409261185,0.0
1.1443135699857563,0.9447766294421335,0.0
0.7374849936670684,0.25430985241010107,1.0
-1.0664102255843055,-0.32107912844992803,0.0
1.313969742237805,0.7146210370981244,0.0
-0.25275307294692956,0.3693876485821069,0.0
1.019668218943435,1.0598544256141393,0.0
-1.3520558217229588,-0.7813903131379514,0.0
-0.6214955697804637,0.024154260066089426,0.0
-1.7294542457122097,-1.9321682748580082,0.0
-1.5372926628552974,-0.7813903131379514,0.0
-0.5228180002052927,0.25430985241010107,0.0
1.5857658549273115,0.9447766294421335,0.0
-0.0848280861260243,0.024154260066089426,1.0
1.1218081593808928,0.5995432409261185,0.0
1.1010339342071724,0.5995432409261185,0.0
1.2966578879263715,0.9447766294421335,0.0
0.7097860267687748,1.0598544256141393,0.0
0.7080548413376314,0.7146210370981244,0.0
0.9227218347994072,0.5995432409261185,0.0
0.5037749604627157,0.13923205623809526,1.0
1.4005290137949726,-1.0115459054819629,1.0
-0.9677326560091344,-0.0909235361059164,0.0
0.9002164241945436,1.2900100179581508,0.0
0.23544121863549602,1.4050878141301568,0.0
1.2377975832674974,0.9447766294421335,0.0
0.4431834703726984,0.7146210370981244,0.0
1.495744212507857,0.7146210370981244,0.0
1.0923780070514557,0.8296988332701302,0.0
1.2031738746446303,0.8296988332701302,0.0
0.6872806161639111,0.8296988332701302,0.0
-0.58340949029531,0.3693876485821069,0.0
1.5078625105258605,0.9447766294421335,0.0
0.44491465580384176,0.8296988332701302,0.0
1.3399375237049553,0.024154260066089426,1.0
1.211829801800347,0.8296988332701302,0.0
-1.1823996494709101,-1.471857090169985,1.0
-0.6093772717624603,0.13923205623809526,0.0
0.7513344771162153,0.9447766294421335,0.0
0.8292378215176661,0.9447766294421335,0.0
-0.5037749604627157,0.13923205623809526,0.0
0.6613128346967608,0.13923205623809526,1.0
0.48819429158242555,0.8296988332701302,0.0
-0.048473192072013886,0.48446544475411274,0.0
-0.6457321658164706,-0.5512347207939396,1.0
-0.6370762386607539,0.13923205623809526,0.0
0.529742741929866,0.5995432409261185,0.0
0.6924741724573412,0.8296988332701302,0.0
0.706323655906488,-0.5512347207939396,1.0
0.42933398692355157,0.8296988332701302,0.0
1.6498197158796155,0.5995432409261185,0.0
0.43972109951041166,0.8296988332701302,0.0
0.8586679738471031,0.9447766294421335,0.0
0.642269794954184,0.9447766294421335,0.0
0.9157970930748338,0.9447766294421335,0.0
1.147775940848043,0.9447766294421335,0.0
0.612839642624747,0.8296988332701302,0.0
1.603077709238745,0.9447766294421335,0.0
1.559798073460161,0.9447766294421335,0.0
1.1131522322251761,0.5995432409261185,0.0
1.4697764310407067,-0.43615692462193384,1.0
-0.3548930133843874,0.5995432409261185,0.0
-0.6145708280558904,-0.5512347207939396,1.0
0.020774225173720236,0.48446544475411274,0.0
1.4541957621604165,-0.20600133227792222,1.0
-0.7686463314276487,0.3693876485821069,0.0
-0.5522481525347296,0.3693876485821069,0.0
-0.7322914373736383,0.024154260066089426,0.0
0.18869921199462547,0.8296988332701302,0.0
0.4604953246841319,0.8296988332701302,0.0
1.249915881285501,0.9447766294421335,0.0
0.3168069338992336,0.5995432409261185,0.0
-0.824044265224236,-0.0909235361059164,0.0
0.10213994043745783,0.5995432409261185,0.0
-0.7963452983259424,-0.0909235361059164,0.0
0.3358499736418105,0.7146210370981244,0.0
1.1737437223151934,0.9447766294421335,0.0
-0.436258728648125,0.13923205623809526,0.0
1.4749699873341369,0.024154260066089426,1.0
0.7444097353916418,0.25430985241010107,1.0
-0.8932916824699701,-0.0909235361059164,0.0
1.3105073713755182,0.7146210370981244,0.0
-1.5667228151847346,-0.8964681093099571,0.0
0.03462370862286706,0.5995432409261185,0.0
-0.7565280334096453,0.3693876485821069,0.0
0.4570329538218452,0.3693876485821069,1.0
-0.4466458412349851,0.5995432409261185,0.0
-0.23717240406663936,0.48446544475411274,0.0
1.0352488878237252,1.2900100179581508,0.0
1.2360663978363542,0.9447766294421335,0.0
0.8378937486733828,0.48446544475411274,1.0
-0.18869921199462547,0.024154260066089426,1.0
0.9988939937697147,0.7146210370981244,0.0
0.06578504638344741,0.5995432409261185,0.0
-1.3745612323278222,-1.2417014978259746,1.0
-1.0525607421351586,-0.32107912844992803,0.0
-0.35662419881553076,-4.233724198298122,1.0
-0.2250541060486359,-0.20600133227792222,1.0
-1.0439048149794419,-1.471857090169985,1.0
-0.4050973908875446,0.5995432409261185,0.0
1.6290454907058953,-4.233724198298122,1.0
0.4172156889055481,0.5995432409261185,0.0
0.048473192072013886,0.5995432409261185,0.0
1.3710988614655357,-1.0115459054819629,1.0
-0.6197643843493204,0.13923205623809526,0.0
1.544217404579871,0.9447766294421335,0.0
-0.671699947283621,0.024154260066089426,0.0
1.319163298531235,0.5995432409261185,0.0
-0.06924741724573412,0.48446544475411274,0.0
0.9867756957517112,-0.5512347207939396,1.0
-0.4760759935644221,0.3693876485821069,0.0
-0.548785781672443,0.3693876485821069,0.0
-1.5615292588913046,-0.8964681093099571,0.0
-0.3393123445040972,0.13923205623809526,0.0
1.3001202587886582,0.7146210370981244,0.0
1.0335177023925817,1.2900100179581508,0.0
-1.0283241460991517,-0.6663125169659455,1.0
-0.8621303447093899,-0.32107912844992803,0.0
0.12291416561117807,0.5995432409261185,0.0
0.09694638414402777,0.3693876485821069,0.0
-0.12291416561117807,-0.7813903131379514,1.0
-0.38259198028268104,-1.0115459054819629,1.0
-1.3849483449146824,-0.5512347207939396,0.0
-1.4992065833701438,-0.6663125169659455,0.0
0.088290456988311,0.5995432409261185,0.0
-1.661938013897619,-1.7020126825139967,1.0
0.029430152329437003,-3.5432574212660883,1.0
-1.3330127819803819,-0.5512347207939396,0.0
0.8880981261765402,0.9447766294421335,0.0
1.378023603190109,0.25430985241010107,1.0
-1.0767973381711655,-0.32107912844992803,0.0
-1.2326040269740675,-0.32107912844992803,0.0
-1.0075499209254315,-1.0115459054819629,1.0
1.2083674309380605,0.8296988332701302,0.0
-1.054291927566302,-0.20600133227792222,0.0
-0.706323655906488,0.024154260066089426,0.0
0.9036787950568302,-1.0115459054819629,1.0
0.2804520398452232,0.8296988332701302,0.0
0.14888194707832836,0.3693876485821069,0.0
0.8569367884159598,0.9447766294421335,0.0
-0.6111084571936036,-0.20600133227792222,1.0
0.26314018553378965,0.48446544475411274,0.0
0.6353450532296105,0.7146210370981244,0.0
-0.8309690069488095,-0.0909235361059164,0.0
1.4922818416455703,0.48446544475411274,1.0
-1.6203895635501784,-0.8964681093099571,0.0
1.4472710204358432,0.024154260066089426,1.0
-1.706948835107346,-1.2417014978259746,0.0
0.31161337760580354,0.7146210370981244,0.0
0.1107958675931746,-0.20600133227792222,1.0
-0.8794421990208233,-1.2417014978259746,1.0
-1.0750661527400223,-0.32107912844992803,0.0
-1.407453755519546,-0.5512347207939396,0.0
-0.4102909471809747,0.48446544475411274,0.0
-1.3572493780163888,-0.7813903131379514,0.0
-0.3618177551089608,-0.8964681093099571,1.0
0.13157009276689483,0.25430985241010107,0.0
-0.21120462259948908,0.3693876485821069,0.0
-1.147775940848043,-0.20600133227792222,0.0
1.3364751528426686,-0.0909235361059164,1.0
-0.4864631061512822,0.5995432409261185,0.0
1.294926702495228,0.9447766294421335,0.0
-1.220485728956064,-0.5512347207939396,0.0
1.255109437578931,0.8296988332701302,0.0
0.02769896689829365,-1.3567792939979793,1.0
0.4760759935644221,0.8296988332701302,0.0
1.2983890733575147,0.8296988332701302,0.0
0.8396249341045262,0.5995432409261185,0.0
-0.9434960599731275,-0.20600133227792222,0.0
1.725991874849923,0.8296988332701302,0.0
-0.3202693047615203,0.13923205623809526,0.0
1.533830291993011,0.8296988332701302,0.0
-1.265496550165791,-0.43615692462193384,0.0
-0.008655927155716765,0.3693876485821069,0.0
-1.3832171594835392,-0.7813903131379514,0.0
-1.4524645767292732,-1.5869348863419908,1.0
1.0023563646320015,0.9447766294421335,0.0
-0.4691512518398487,0.48446544475411274,0.0
-1.0369800732548684,-0.43615692462193384,0.0
-0.5158932584807192,0.25430985241010107,0.0
0.8655927155716765,0.8296988332701302,0.0
1.4628516893161334,-0.6663125169659455,1.0
1.3762924177589657,0.13923205623809526,1.0
0.22332292061749254,0.5995432409261185,0.0
-0.7530656625473586,0.3693876485821069,0.0
0.7149795830622048,1.2900100179581508,0.0
0.03635489405401041,0.5995432409261185,0.0
0.043279635778583826,-7.570980287286289,1.0
0.7115172121999181,0.8296988332701302,0.0
1.5494109608733009,0.8296988332701302,0.0
1.0127434772188615,1.0598544256141393,0.0
0.18004328483890872,-1.2417014978259746,1.0
-1.3762924177589657,-0.7813903131379514,0.0
-1.672325126484479,-2.5075572557180372,1.0
-0.38951672200725446,0.024154260066089426,0.0
-0.8517432321225297,0.024154260066089426,0.0
0.7807646294456523,0.7146210370981244,0.0
0.8275066360865228,0.8296988332701302,0.0
1.680981053640196,-0.5512347207939396,1.0
0.6751623181459077,0.5995432409261185,0.0
-1.573647556909308,-0.7813903131379514,0.0
0.6284203115050372,0.7146210370981244,0.0
-0.17831209940776538,0.3693876485821069,0.0
-0.7547968479785019,0.3693876485821069,0.0
0.6388074240918973,0.8296988332701302,0.0
-0.3877855365761111,0.3693876485821069,0.0
-1.313969742237805,-1.0115459054819629,1.0
-1.7086800205384896,-1.2417014978259746,0.0
-1.1858620203331969,-1.471857090169985,1.0
-0.6924741724573412,-0.8964681093099571,1.0
-1.0612166692908753,-0.43615692462193384,0.0
0.5141620730495758,1.0598544256141393,0.0
-1.4438086495735565,-0.5512347207939396,0.0
-0.2769896689829365,0.5995432409261185,0.0
-1.696561722520486,-1.8170904786860025,1.0
-0.612839642624747,-1.2417014978259746,1.0
1.4576581330227032,-0.43615692462193384,1.0
0.8794421990208233,0.8296988332701302,0.0
0.2666025563960764,0.5995432409261185,0.0
0.9140659076436904,1.0598544256141393,0.0
-0.29257033786322667,0.3693876485821069,0.0
0.46222651011527527,0.8296988332701302,0.0
1.0213994043745782,1.0598544256141393,0.0
1.5563357025978743,0.8296988332701302,0.0
-0.7582592188407886,0.3693876485821069,0.0
1.648088530448472,0.5995432409261185,0.0
-0.5435922253790129,0.48446544475411274,0.0
-0.07444097353916418,0.3693876485821069,0.0
-1.4039913846572594,-0.5512347207939396,0.0
1.3953354575015426,-0.7813903131379514,1.0
-0.043279635778583826,0.48446544475411274,0.0
-0.5210868147741493,-0.0909235361059164,0.0
0.8638615301405331,0.9447766294421335,0.0
1.220485728956064,0.8296988332701302,0.0
-0.848280861260243,0.024154260066089426,0.0
0.14195720535375494,-1.2417014978259746,1.0
-0.9106035367814037,-1.1266237016539689,1.0
1.0110122917877182,1.0598544256141393,0.0
-0.24929070208464285,0.3693876485821069,0.0
-0.43798991407926835,0.13923205623809526,0.0
-1.294926702495228,-0.5512347207939396,0.0
-1.6948305370893426,-1.471857090169985,0.0
0.58340949029531,0.7146210370981244,0.0
-0.936571318248554,-0.32107912844992803,0.0
0.31853811933037696,-4.233724198298122,1.0
-1.2533782521477876,-0.5512347207939396,0.0
-0.07790334440145089,-1.3567792939979793,1.0
0.3722048676958209,0.3693876485821069,0.0
-1.064679040153162,-1.3567792939979793,1.0
-0.33758115907295383,0.25430985241010107,0.0
0.7565280334096453,0.7146210370981244,0.0
0.8915604970388268,-2.2774016633740257,1.0
-1.137388828261183,-0.32107912844992803,0.0
-0.39990383459411455,0.3693876485821069,0.0
0.5747535631395932,1.2900100179581508,0.0
1.1858620203331969,0.9447766294421335,0.0
-1.5061313250947173,-0.6663125169659455,0.0
1.1893243911954836,0.9447766294421335,0.0
-0.22332292061749254,-0.0909235361059164,1.0
0.21293580803063242,0.5995432409261185,0.0
0.6855494307327679,1.2900100179581508,0.0
-1.5805722986338813,-0.5512347207939396,0.0
0.8344313778110962,0.7146210370981244,0.0
-1.1598942388660465,-0.32107912844992803,0.0
0.412022132612118,0.8296988332701302,0.0
-0.9244530202305505,0.024154260066089426,0.0
-1.5217119939750074,-0.7813903131379514,0.0
1.1044963050694592,0.48446544475411274,1.0
0.07617215897030753,0.48446544475411274,0.0
1.2533782521477876,0.8296988332701302,0.0
0.16446261595861855,-1.471857090169985,1.0
0.2250541060486359,0.5995432409261185,0.0
0.5089685167561459,0.8296988332701302,0.0
-0.24236596036006944,0.48446544475411274,0.0
0.7946141128947991,-1.1266237016539689,1.0
0.2181293643240625,0.48446544475411274,0.0
