1,2,3,4,5,6,class
0.6399487070562684,0.7838194543059518,-0.3672267857944738,1.4728077567768456,-0.35087702400443016,0.37488219270614964,0.0
1.6293293480389426,1.1958000100476032,-1.151487417600383,-1.5789874852727777,-0.4695511145144366,-0.3405952304226951,1.0
1.2087798242741448,-1.601055726132808,-0.917009606914139,-0.14740588358077997,0.07185760750058476,1.5314101457987888,0.0
0.09221735529487386,-0.044042446276250216,1.470319019221589,1.4120942754892238,-0.6921837775607387,-1.1461254808772616,0.0
-0.31291455868593343,0.9844845358188528,-0.8657951561622126,-0.3352707861899053,-0.11742197173299007,-0.4188113700179945,1.0
1.444005265307614,-1.6435227272416941,-1.661144334545932,1.3645651120757176,0.47768481320142386,1.5464240677179895,0.0
-1.0405390654841509,-0.9878574580274583,1.7072886251419082,-1.2986582098816117,-1.0575294724450786,-1.6318435571017635,1.0
0.6165052467916728,-0.8037430165208289,-0.6292562625594652,0.569018186354271,0.09671742958361575,1.0421665536909435,0.0
-0.8379713958775671,-1.1376164860264757,0.5605194319930422,0.5487317238755841,-0.17897928811490008,-1.5338675991068047,0.0
1.0498464749790977,-1.3428891767393196,1.5647902077897808,-1.5447136881159316,-0.5290234978854143,-1.425210869932395,1.0
-0.8188138396065086,-1.429240961364992,-0.9965528462658749,-0.32386540750180554,-1.6543798929478053,1.3067454708958222,0.0
-1.4361331962715478,-1.2461414328757976,-0.23358925950912185,-0.8599775344450111,0.12048942212392028,-1.0397058209557637,0.0
-0.6129918721350893,0.17659175123198312,1.1204535559038935,-1.2660479074153728,-0.9416685224956917,-0.8147392460218169,1.0
0.15754630634685865,1.2354451536075608,-0.006110558785180704,-0.9050945243384545,1.206592390592634,-0.3832280527986534,1.0
1.3865026077551452,0.259420850743843,-0.6370724180202615,1.1384515566342674,-0.13281515500252739,1.1737620745885224,0.0
-0.647146178461057,-0.2748746136378724,0.22284413855162552,1.3831548300420486,1.7148673749918444,1.3957406329388344,0.0
-0.7677287140645651,-0.8250068986782616,-1.3290601887104936,1.3491527154434995,-1.4096509969163353,0.9455104982867838,0.0
0.21026357271568497,-0.19328052429586687,0.9959793285357181,1.4991984380226533,-0.10187069012538165,-0.10812696194460425,0.0
-0.5831172356214492,-1.5690742644077764,0.027383162188679554,0.31409617740844553,-1.2520782351815327,0.9986364352455046,0.0
-0.950849754269466,-1.4819392777077705,-1.2406343529131887,-1.3557787307633087,0.8291535506310695,0.9791888166907365,0.0
-1.4087990501506016,0.9240949547795636,0.48562583764216216,-0.8016327216826052,0.053069738426573025,1.105858626909059,0.0
-1.6012742148884271,1.4129648812635502,-1.6707982554750547,-0.032472850920263946,1.7319929337180484,0.6611726517731936,0.0
-0.4353111597057937,-1.5626012666982647,1.2007103932130947,-0.22702587539425592,1.3193974443264906,-1.4473000547664858,0.0
0.1736197133749759,0.1977591164712668,-1.3551393455101852,-0.21243063933644207,-0.9077338110614693,-0.7925357156797362,1.0
0.7072350736071426,-0.5822243238290035,0.3243988464020398,0.2658195525630611,-1.1149112869029336,0.9415883017890051,0.0
-0.7830049646801555,1.1262069621161357,0.1361263108410614,-0.4748122956084465,-1.6207615752767444,1.0783996854540663,0.0
0.9854213679817965,0.23027894961696618,-1.1199599935309397,-1.0561452796046817,-1.00067302586074,-1.5401892844226308,1.0
0.14116759660621916,-1.6493617276986583,-0.45214528422176214,1.0494641687811925,0.8902941971552654,-1.110727391864166,0.0
-0.667762490273324,0.04177894646809408,1.252175926751261,1.1337152398285073,-1.6653023111713767,-0.06563697167210147,0.0
-1.6178803086999638,1.4298307881274797,1.0117382043611185,1.5565161235100007,-0.4942115810266375,0.7094663127174473,0.0
-1.3522467525847919,1.1110726675077347,0.4007014776838473,1.226554461133061,-1.0117557410298308,0.48408295128069995,0.0
-0.663421929519952,1.0128683127162936,1.7007125359269686,-1.5026879358749832,0.9345424852886649,1.398474189824509,0.0
1.495149507063824,-1.0076742299354813,1.3317484553868044,-0.9208880756397246,1.2060394024560206,-1.0835914346606872,0.0
-1.484314332568533,0.7379634032540712,-0.15503979421803626,1.2045458341383715,-0.2842021651330126,-0.47616340514117794,0.0
0.722482091049008,-0.37796265082388114,-0.7799562609172661,1.0213470747254725,-0.44757302662966436,-0.7424692539408568,0.0
-1.108900128872594,-1.1794371059931454,1.4826666259804484,1.2687048158291603,-1.6057262662574152,0.5871401440332931,0.0
0.5047550775306823,-1.4032997184598373,-1.2844873974388713,0.6737549070606359,-1.2130801757276668,-0.8400219052244843,0.0
-0.7325705445166482,0.5636793956214873,-1.318069792773821,1.0708135412296882,-1.6330536175349715,-0.8741552478493452,0.0
-1.6206765918927406,0.4777942908276744,-1.539140913936022,-0.8954114887375003,-0.17627006937345877,-1.262408857041122,0.0
1.2969008792219128,1.220669055713557,1.1853906982942177,0.8628678694612938,1.5870687534082488,-0.6172560412902653,0.0
-1.4609200237720683,0.7347398723461892,-0.437272154262037,0.6349830626111286,-1.0555595493565573,1.6842333927644024,0.0
0.6327936711753581,-0.3250447732497202,0.9698305778214609,1.3955621516191656,1.1989657641689937,-0.8613937935173662,0.0
-0.5918648400867665,1.2834008653585482,0.31085066156687413,1.3927859189935008,-0.9065967742347802,-0.9448102524425841,0.0
-1.2164115893308034,-1.4834419958844107,0.8720230108800879,1.053104088549006,-1.1095687719072134,-1.2421550178485157,0.0
1.0079689956276612,-0.11991921735616866,-1.5942240649303596,1.2444039854734776,-0.5879988868786215,1.2627341482461496,0.0
-0.8510073976460719,-1.3098342298907883,-1.553949483390057,-1.1473214731953212,0.6990655156933231,1.1496140036139575,0.0
-1.633702971515827,1.7033619196447454,0.8350021439716884,0.012536595109479534,1.6423038444377247,1.1912976581477646,0.0
0.6995503872604754,-0.022735157010207112,-1.091081082156563,0.9865567928974827,-1.0638668747410345,1.294716417400162,0.0
1.216079289338866,-1.6326530588161132,-0.21714061759867057,-0.4573138521625542,-1.6658309730758445,1.395797299800667,0.0
0.125427070568369,-0.13005209682577665,0.5787013759433159,-1.6476399403648063,0.07835708897557518,-1.4940667244623804,1.0
-1.3785424676667986,-1.7342507563460736,-0.2986222948285615,-0.4407047409557592,-0.2913266147293728,-1.0522930214460868,0.0
-1.5909647482499814,0.9642000723752371,-0.4052675609011112,-1.4824094128079424,-1.0663495055619632,-1.044266332322486,1.0
0.33982943990583214,-0.5044016341610541,-0.6993106247399936,-0.14459281846574398,-1.388641344536307,-1.1457525952553178,1.0
-0.7628615011599135,1.4968772545308848,1.095641193943079,-0.8950897359789562,0.35306787590585065,-1.0299983356957827,1.0
-0.14431668037526912,-1.022133066916731,0.2941509412177289,0.9450831519449687,1.1946706200108668,1.660036145709205,0.0
1.4131536258360975,0.8150089184039407,0.13782953279503013,1.2477161506069812,-0.797273976038359,-1.2799302635448426,1.0
1.193578197945429,-0.6902463135549248,0.049885341910144834,0.7683208225735582,0.17065333566333452,1.1139446913246243,0.0
-0.9784212003865159,-0.47994724745998957,0.2466402454082678,-1.1380457513981004,-0.5967484669924398,-0.22863255365561633,0.0
0.8795021551197699,-1.1346534614045336,-0.2612994668084346,-0.20257690435525352,1.3680370772234043,-0.8748461991411473,0.0
0.6839553134897942,-0.13052446456107103,-0.6299361290108318,1.5804658318872176,-0.5012449564404953,0.9277801126139744,0.0
-0.05934016880466407,-0.6654264705396934,1.3275712756292792,-1.477362551137331,-1.4354990237165723,-1.6079151001870802,1.0
1.526342499962573,-1.4305716327270754,-0.027306322687300995,-1.5819643934298906,1.4161222027768132,0.07414654148327636,0.0
0.4780923572368147,-0.061505122079705855,-1.5278091038072525,0.9740687748474873,-0.15035509401341032,-0.9033238217565345,0.0
-1.2364907528413067,0.24002361302788258,0.6047759098835656,-0.32500410267023266,0.4484197485994753,1.2333659743535064,0.0
0.241346136228944,0.14593494458608594,-0.913392515529312,1.5528551579379501,-1.3159474549975079,0.679163213941417,0.0
-0.032309793553404,-1.5667712586671827,-0.48115852385415525,-1.0110176612225086,1.2683932634469848,-0.3060120213152982,0.0
-1.1062160666500978,-0.18706373660236017,0.4462546179571719,-0.37015747594386933,-1.3180709971789573,0.8055810869225891,0.0
-0.8991689637342754,0.40165278712458347,-0.9137636064003893,-1.0633677458527662,-0.3181709673412128,0.5959969028279787,0.0
1.5394340849276262,-0.6650736187081208,0.7117556398509975,-0.5231169191621664,0.9812169180855757,-0.5625356601726378,0.0
-0.5179592366715066,1.663677856037047,0.7396100958293454,1.4951023017171123,1.5255530695531578,0.48566209568439644,0.0
1.5270125295808197,1.4106878401771783,-0.20875570740209706,1.3280954743163078,-0.7655473766107941,-1.1956101666194074,1.0
-0.33762642442992474,1.274782569516673,-0.9942155563747979,0.7304985766716205,-0.43163488789646015,-0.9952527418866332,1.0
-1.2564702109575703,0.28899009827347366,-1.23690681151455,-0.8424880565799747,-1.551783440614397,-0.3027091085466721,1.0
-1.5763910232908527,-0.6223471631123015,-0.92940521448145,1.2505308330593972,-0.7516265940359976,0.08342118143450106,0.0
0.5908147066603668,-1.564173563605829,1.4289735474335663,0.4553659984540067,0.9274967408517654,0.12596590228411722,0.0
-0.6201994969845156,0.5585387024329803,1.0474104882224342,0.7910540147163319,1.6245798405013203,1.0584909173592902,0.0
-0.7937370041253877,-0.9949689202450717,-0.7615323470072015,0.20113908886241785,-0.29579418833371046,-1.069326951917332,0.0
0.06103116938227222,-0.20599649197805966,-1.6054821008918958,-0.9094972843019942,-0.7955155317610069,-0.7036082822847158,1.0
1.3776406029397266,1.6857137647573104,0.954205981738134,0.057425513365435894,-0.8073662621385168,0.13106539375095674,1.0
0.6404844982481458,-0.4268014901555041,1.4795029608971244,-0.48210883462375786,0.7566571078557882,0.29681750670123974,0.0
0.3322048063017813,-0.10511217113967647,-1.1008385468571915,-1.2315116702282347,1.038471384068775,0.3036934801761308,0.0
1.4878052603317937,-1.0936456028497894,-0.41148475311442373,1.0866988216900386,0.9308120375381377,0.5125380643950268,0.0
-1.2640058607410345,1.2865458959382556,-0.9065861010337102,0.33240733636541225,1.3530077320365064,0.37597632658955826,0.0
-1.5626078505994905,-0.8692951691001672,-1.3360187952343388,-1.6849822552878309,-0.3680491192864588,0.4980127100825559,0.0
0.8009401237404674,0.6199193893743171,-0.46749860257597226,-0.07790229738265923,-1.1469131905684051,-0.5686306448131885,1.0
0.6935485224526126,-1.687669436235165,1.3851386305658604,0.6438240854779783,-0.49531235066497076,0.6312276074181592,0.0
0.6310485765372745,1.4534223974200553,0.10992913568935476,-1.4855075311643517,-0.21190804513792064,-0.08497138519314727,1.0
-0.7879090519921369,-0.7570979377179372,-0.547830180948809,-0.8760599324231405,-1.4368343062612616,0.8678794906830533,0.0
0.5867469604110507,1.5573948267830209,1.6471353872673804,1.1293939505359736,1.1110914628606252,0.06340084918781802,0.0
0.011175898469779977,0.6234756823967547,-0.23754243927049049,0.35026342667104343,-0.008243822130209426,1.0983821023378941,0.0
0.40703362496760814,0.3768452669107416,0.791552036960666,-0.9601689217213762,-1.7096339581674174,-1.1967265532889864,1.0
-0.952725347112717,0.7650285101576494,1.6726703876487525,1.3984532883511933,0.07540955794801033,-0.45300892898148815,0.0
0.9641567155067629,-0.622905955492075,0.46471793943485024,-0.7545290641876964,0.2600749485800829,0.08260862868597757,0.0
1.3086821496947605,-0.6549270162338107,1.7297795813746164,0.6438950115649382,1.7903609170657906,0.6122993833005399,0.0
0.4910639827998916,0.37528164515618206,1.7496686277009479,1.1165093077124624,0.9696631298661714,-1.1525007060155044,0.0
1.1081554944796193,-1.2809586833281246,0.3736948248483407,-1.0517147966978078,-1.0664023337125743,-0.6769627484896298,1.0
1.0130201779838546,1.1104232369926545,-1.1309373018565116,-1.3771907592475234,-1.7317932587141993,-1.3770785927297677,1.0
1.2695222676987161,-1.5382051381201483,-1.626340894327659,0.8948213648102594,-0.638566164580402,-0.07218340815120614,0.0
-1.6988433921249444,-0.48496108176466063,0.07854951841925584,0.9116334123738675,1.5323563457471607,-0.8783520991245052,0.0
0.050475990579209346,0.37363224797548006,-0.4619486839878339,1.3038209793781743,-0.4384376126024808,0.5993222888114287,0.0
0.21779518597574352,-1.1267284628870051,0.540114661912538,-0.7577400069450412,0.7002137116612591,1.1742629496758294,0.0
-0.3132262772472877,0.21429593785175094,1.3927324804777725,-1.2722219050173924,-0.2872878404258074,-1.6874128217179727,1.0
0.9397013840436491,1.3604143715005774,1.6872076961264804,-1.4800736209190244,-0.8463561946203042,-1.124256708139853,1.0
0.19693981577920777,-0.8309132709793757,1.060485763283552,-0.1295816558142364,-0.42907154672761666,0.2366857349823533,0.0
0.8465752898526958,1.6386897082073395,1.3100098077232247,0.3588526907110328,-1.233643203500438,-1.4134152153277533,1.0
-1.1830945461676132,-1.2435209034734926,-0.31102152263044747,-1.6801646063230335,-0.9639821122882047,-1.711636976855578,1.0
-1.0819978561360928,-0.19858118886733017,-0.43226686148227267,-1.0396148993741177,1.002502449131421,1.0252802686467846,0.0
0.9531672269596828,-0.03724241916850362,-1.0390397352640293,-0.4432494479956642,-0.48879067410859794,-0.6658130618362831,1.0
0.6858326437518374,-0.20108416719365518,-0.3945149335341329,-0.6181060697316162,-0.4684398625062965,0.9534866883000708,0.0
-0.5510610266891697,-0.37231988795481347,-1.5740882057908472,0.4878318880960907,0.09508122350331823,0.17526635870470042,0.0
1.1242369535552705,-1.5731322286477079,-0.4536463694385961,0.90988568002406,-0.4513308499576217,-1.541054340806303,0.0
-1.2006671244006133,-1.2326803476369488,0.5479509359211931,-1.0205483193519238,-1.2615604927006547,-1.5762726888293899,0.0
-1.271327898281704,-1.3117630500761113,-0.2992728298988423,0.0638388665328891,-1.000019183310194,-0.30938691347739955,0.0
-0.5493025317876096,-0.19959839754109007,-1.2639942902601775,-0.4911415737359811,-0.6883024374552519,0.8459963281202497,0.0
0.3631363531282732,0.7555631876587512,1.0576503205592562,0.9201395133982927,-0.1580354679799833,-1.262375029519526,1.0
0.2015304457191379,-0.7075210341327436,-1.448380630266833,0.0906580973891332,-0.586494611263189,0.7070285006424506,0.0
-0.7104269487769432,-1.7042823779340268,-0.561761667329807,-0.20401686846802852,0.7637140970698272,0.6054974823245385,0.0
-0.30257927541268403,-0.7632093605557493,0.24355993557890407,0.14745758252008412,-0.045639236784106016,0.5760572456528003,0.0
-1.6469291688294994,-0.21724499637405773,-1.0346999806665882,-0.33680112830460807,0.3670617793265348,-0.313664917719644,0.0
0.12301123453662027,0.11455638694094943,-0.1460666390862752,-1.55493587465304,-1.2621088693549667,-1.3324610323374007,1.0
1.5299046809241097,0.2819252488319678,-1.4977755772442167,0.417204580152417,-1.6669652796421541,0.033236900316224734,1.0
1.1747182650699934,-0.12859051143404773,-1.3158772924206492,1.2000959438466081,0.747591692183944,-1.0093249547109513,0.0
-0.4719420678680348,-0.9998737558865706,-0.07865586642292523,-1.403070856617185,-1.4653966458976646,0.1337396613301883,0.0
0.42068807757899834,-1.5076151045579862,-0.7559696944883096,0.3381572213013804,1.3428523954055138,1.6240785636454989,0.0
1.276120987753241,1.1157073936081245,0.9052540143208786,-0.971474032169131,-0.003563510858816571,0.7270628505660847,1.0
0.7967421978213104,-0.044955616567715254,-1.609964854730317,-0.838235512083457,-0.04830464160606122,-1.4467274111805257,1.0
0.2376570488847538,-1.5773590844961058,-1.2266391271572499,-1.0248014104530851,-1.1906785701906246,-1.7314350044962061,1.0
1.2810776360772336,1.0404225272950656,1.5399695950546342,1.4093746069794175,-1.585891836798719,0.36677865628088613,1.0
-0.1505978056282393,1.1741173726596894,-0.4293726187716374,0.0726353804473005,-0.3381994319939355,-0.17385468708289203,0.0
1.6816476218897785,0.9250859430556078,0.07060436565225951,1.5669021369600455,1.4808633934834845,1.1552911686181009,0.0
1.4271664873576855,-0.47872267394655227,0.9400505998345235,0.10846327963035429,0.7840431489311664,0.5665362921913114,0.0
-1.412424076305608,1.1023886091742476,1.0346283955393811,0.405104109674107,-0.43908952052938605,1.4656661416876684,0.0
0.37615066567585737,-1.4606834788084004,1.6489207856173955,-1.3153489440683324,-0.09957402124589851,0.07700659224761484,0.0
-0.6550843302601425,-1.5496768754791044,-1.6875150720634247,1.337489657348903,-0.38047780666799125,1.307669186610103,0.0
-0.3707310076982674,1.0715374370569515,1.3880681734864357,-1.4555788020353062,-1.7196843859523363,1.452948780940836,1.0
-1.6016190677705,0.549622858696306,1.2920275484310624,1.2660138659196116,0.36371198282991885,-1.736169048189751,0.0
1.1755593698665285,-1.6292542581095577,-0.2074359259938062,0.7372966668272218,-1.2796767933147364,0.3424307596896978,0.0
1.41087241723613,0.9832940055277135,0.12862599548985224,-0.4495742514999448,0.6667877408873859,-1.456874277941921,1.0
1.4552700760988901,-1.5131563467208236,0.6416124898754988,1.2137418464736371,1.1984970061353963,1.3729095809301248,0.0
-0.16177083355403415,0.7975131038852624,-0.5690112036249486,-1.5728308868105048,0.5444037014108817,1.1183416660594447,0.0
1.3332051791847452,0.42450140775267275,1.219257324052849,0.07705855689718535,-1.587526149992968,-0.7253122289057118,1.0
1.4757339080467733,0.4888708516871482,1.5065533798141477,1.3784073896309021,1.3168713247510382,0.8024391722148849,0.0
-1.4608663486124562,-0.6261151224570041,-0.9792700488383571,0.4003130878676971,0.034902714696620575,0.41531698153405827,0.0
-0.32098786391191647,1.0348938058819708,1.4545820275553967,-1.6163467199495516,1.3228939963725637,-0.5714036570186021,1.0
-0.7853763747476127,1.3056083057041636,-1.6224051221474085,0.10240818149756685,-1.6979361011220466,-0.5499056217974251,1.0
1.3585803257313929,0.2553832822984983,0.851729833952851,-0.8892164631429027,-0.4150897334069736,-1.2791719267427542,1.0
0.28590599967476854,-0.6896621780280102,0.8744138169407882,-1.5026391430755484,1.1344754933214463,-0.661616338560335,0.0
-0.21323609999515938,-0.9181972672421429,0.002334427630104495,-1.390655975533321,-1.1458660420100395,-1.1958304150730097,1.0
-1.1830964403820696,-1.4731646824014997,-0.020451191286851616,1.1722976375461491,-1.4253154817961196,-1.6730620857594265,0.0
1.530987872576798,-0.7152020470389325,0.7609036387951303,0.869092768207391,-0.21359691258473412,-1.5226919321881138,1.0
0.2282702303883834,0.23165010377258569,0.0917698653410281,0.5016142368835587,-0.4659224370754117,-0.9448339956849072,0.0
0.08433990154045862,0.13265337934487023,0.3885181674199188,0.7702289186262636,-0.30715247394228623,0.28318042964457935,0.0
-0.8586145959982195,1.338333328493318,-0.4284633670632663,-0.6535606975739761,-0.761967006596103,1.528958689276557,0.0
0.9013598824769951,0.17609322392880009,-0.4174269003306106,-0.8592163468368545,0.13575376991049434,1.1055728423653113,0.0
-0.608739818803885,-0.06452885817613373,1.554419546675014,-1.1943535621935362,0.22090832254364245,0.4190211272797832,0.0
-0.8295193376982108,0.19761505252771083,0.991697032597938,-0.4496484492696937,1.4929829285306178,0.6821506679774366,0.0
1.0032156723485794,-0.6946710461414514,0.4680992400611167,0.0874881506583916,-0.581775846407444,1.469049068894043,0.0
-0.22305891652292675,0.9867299465108931,0.7041786151154379,1.3193012457374835,0.7378904820655359,-1.40277652288203,0.0
-1.0253401507536848,-1.1350817040353989,1.101418936427551,0.8186445726451873,0.2788136734323773,1.2967072822552272,0.0
0.03305903234462255,-0.7991576807120943,1.1852637368372587,-1.5393493998053056,0.805680350358613,1.3217214800978327,0.0
0.577140095017787,-0.22405132231679797,-0.3821870908682889,-0.7194866978212862,-1.394585068812338,0.501275139599455,1.0
-1.5235932395951912,-0.8371622531642505,-0.46616063504714433,-0.34879982314055663,-1.0483734309714736,0.22173101669863088,0.0
-0.6366364130471016,-1.0846521294859408,-1.5901128848119037,1.3302956509582278,0.7619957853667414,-1.2937773424705261,0.0
0.2991490547562238,1.3396508542955186,1.208098582848388,-0.32815989541924223,-0.3512335874993712,1.0265333096515838,0.0
-1.5244108699492345,-0.27708459871445057,-0.3887926364515034,1.169713154178171,-1.1958062769343007,0.7993141378342199,0.0
-1.168303115532553,1.5626026657073209,0.5927852303315302,1.286580737978221,0.751635789252848,0.509864503599192,0.0
0.016894413432651467,1.1779244825886628,0.9618759458931606,-0.13914517097308918,-0.21138975000552335,1.655020316293339,0.0
0.995954212074003,0.5945648047064853,1.1114074060344168,1.1140810012272604,1.2919074279283607,1.3475768619770998,0.0
0.571422012965144,-0.6356011663632051,-0.967984953021654,0.7814072953517653,-0.9154693851402319,1.0431964078720517,0.0
0.6030776303466485,-0.7684057005101232,1.0820458411850942,0.2809139673780683,1.3134653895109971,0.3443716875534667,0.0
-0.6024892143315284,0.7514003553461133,-1.1756861043746023,1.318203464823703,-1.2176343415595212,0.26804158349785884,0.0
-1.7107977254873554,-1.0065206577629082,-0.892835396265073,0.2548755310024469,1.7608209304222566,0.013317558504188627,0.0
-0.02356356945144309,-1.6442256899112522,1.1586821480683345,-1.1355651315536828,0.35472546375499775,-0.3778767757891632,0.0
-1.028125793406572,-0.07045715981287645,-1.5220225960021874,-1.6367617357679611,0.44983188532468127,-1.1486923340281792,0.0
0.9141230702519599,-1.7096388570234042,-1.4074990824941662,0.823449185072166,-0.6930504634467374,-0.023192339568338848,0.0
0.8495786048926576,-0.09191333577223358,0.8185971594852437,-0.10191623914478737,0.8929326158111356,0.27372426897714275,0.0
-0.485507748449923,0.4636622788281033,1.206250029102656,-0.6012935529181392,1.1319496600097658,0.9749534484572638,0.0
1.1848793433917342,0.636695224273185,1.4189448124716912,-0.10841021009579957,-1.5743908763513204,-0.11420261322320531,1.0
0.9763087185847582,0.21945715487361356,-0.5458110996639239,-1.5077640481360142,-1.44731696240769,-1.3969000314062363,1.0
-1.4432373665075073,-1.2972626935821387,-1.5548075818017832,-0.5235679939650735,0.6317102145884662,-1.1195287539836811,0.0
-0.5233313579988271,0.8358957715300711,0.6581122923869117,1.307935878705156,1.7399541748140432,-1.358636538844144,0.0
1.058267023587205,1.167745446287587,1.2992327755925661,-0.7949042790771818,1.0138676096937433,1.5905941500050484,0.0
0.19268119961660443,-1.3949575961430625,-0.8902418101685837,-0.10935883154445059,0.6325103908983544,-1.689827405316822,0.0
1.137006278912442,-1.5281515058525708,0.8382524548443295,-0.4574543866366074,1.482212817787032,1.106909343502823,0.0
0.7607904574486812,0.1557426609770316,0.9781866630563758,0.5167550827204975,1.0894509612615249,1.3629909583011492,0.0
1.153498357348092,-0.10277770671611293,-1.0381041805634816,0.5066861128885902,-0.9113928255424107,1.6802646170667552,0.0
-1.2984758411378716,1.2087289528522964,1.714281243618664,0.08268000273980691,1.1024722568320071,1.2289712422793684,0.0
0.5232955276915755,-0.23375701644697486,0.02951139485001324,1.1289616831701808,1.3027529287021835,-0.6918474632671052,0.0
-1.4915691097960044,-0.22105486987616987,-0.49873176264460795,-1.0206449594223481,0.4525316259314784,-0.21672069347890274,0.0
-0.9012547136529139,0.06709929398744573,-0.7664416251626115,-0.1695637785079164,-0.0022678218485177653,1.6281129429310512,0.0
1.6158152431486525,1.1302714261511753,-0.5303455221860734,0.5015681211449291,0.8344538585545919,1.0005375214961287,0.0
1.5945414919656165,-0.07098036069419114,-1.25156271282604,-0.31001785334720694,-0.5940314334125197,0.7780075003993181,1.0
0.9990993519288985,0.300160451823774,-1.3248565182927041,0.1395412786461589,-0.7752690540824225,0.19546017640919183,1.0
-1.6709460042912445,1.5614334172989792,-1.1273972001055084,-0.2449835306950086,-1.6269036006536437,-0.9305362079226167,1.0
-1.6094717936315597,0.904161127515023,0.736032831862193,0.6059216755962603,0.1630902246050007,-0.3166216264085177,0.0
0.6168682342112725,0.21005948666665628,1.1333167044525525,1.6256086963561358,0.20989307286873174,1.4413300619350637,0.0
1.4042800486686908,0.0836239280719435,-0.8558681636506371,-0.6912650031070208,-0.6799227355992097,-0.9649909183882964,1.0
-0.01978212165332206,-0.44698917012140205,-0.8803087613291505,0.0729456238424216,-0.38984220287302845,0.8093328672242556,0.0
-0.09052683517892675,1.0272441982407603,0.08253642207415798,0.47465548146394704,-0.23196004116426897,-0.5997847993339515,0.0
-1.2845117468144471,-1.386894678917151,-0.6706835421117011,1.4741573252096745,-0.6929818022810365,1.1451489611528751,0.0
1.368521868541425,1.0121654475019932,-0.4452809558882839,1.2367301106637256,-0.2886473186715638,1.331683274129851,0.0
-1.2225577183476113,-1.5970220939620032,0.5622667472569075,-1.0178539824102313,1.0478780563462013,-0.7664530508701286,0.0
1.2022472705430136,-1.536729830226615,-1.0252077168420421,-0.4676479571446308,0.3308400417027891,0.025138320751761208,0.0
-0.4651088193109007,-0.5904211643736642,-0.6082154420419041,-0.5409646473156322,-0.24102433106241325,-0.7826553993078197,0.0
-0.7198882865883416,-0.6093257037853879,-0.961826971436622,-0.5523408914412304,0.5300403298217906,0.7840573972228512,0.0
0.8932968581324274,1.6755986644684921,0.2680954283852191,0.2249317391904899,-0.18041673358551052,1.3815341019106113,0.0
-1.0193504521319277,1.5319818370061247,1.0204664008751159,0.3736978787574204,-1.4792842937385322,0.9876742651708353,0.0
-0.5073820843062018,0.40794235474309265,-1.3806249647526552,-0.21090041078929805,-1.0891841693713333,-1.4995252340154372,1.0
-0.07113433836288668,1.0388937514288006,1.1266100069201996,1.4429529360224918,1.0478219398357156,-0.43260315561402995,0.0
1.1114742127945858,-0.20044744275213927,0.6613545063608194,0.2397692151672721,1.0599281803438656,-1.7189662059725224,0.0
-0.4023141136065696,-1.4205834860785762,0.2943526157967055,1.0565683081366875,0.4205786004237641,-1.3493419034831247,0.0
-1.1530168535860565,0.8700969864551071,1.7307083944389225,1.0103237483576524,-0.7530806218456547,1.6190719146323076,0.0
0.8946740120645388,-0.7509992282726591,-1.3105124057601614,-1.4058706571812154,-1.020924143019898,0.6184449238838317,1.0
0.011412200242180436,-1.5883498462771166,0.8058404852253324,1.0693548291078738,1.6595282734547647,-0.5429435210459357,0.0
-1.4630127938488349,-1.1204726898417479,-1.201290097964692,-1.4635301012611748,-0.5421512888129325,-1.700350303647346,0.0
1.1492397326262684,-1.213869806006623,-0.5806135023566849,1.5441704834014367,-1.5462457438748727,-0.9912683440059513,0.0
1.4009618168386864,1.302040769456466,0.7611146857796959,-1.4873704181621252,-0.6204921304229447,-1.7020370668678668,1.0
0.6726357161564319,1.2694678547961675,1.380966591299208,1.580927554279418,-0.760992582603657,0.27121931866107535,0.0
0.14471475562399103,-0.6994233869062495,0.6266401399710929,1.1723597248890572,-0.9570188044097739,1.128428849412491,0.0
-0.4301594819555066,1.3607388018900362,1.6819059751046619,1.4047034019649207,1.632694098704203,0.10049340498049865,0.0
1.096906346163196,1.2495414495269896,-1.1411637459429986,0.05732740114866162,0.7101684151896318,0.32184022644928667,0.0
-0.9272065073091508,-0.10163605937253725,-0.5454283867596651,-0.03846329002398929,1.4234852831272278,-0.20000514467862796,0.0
1.2685515207138638,-0.3880493915022568,-0.07539233367529838,-1.7553243714423534,-0.041915181534041196,-0.44423744959208333,1.0
0.610981349869776,0.1104942616153295,-1.092812379595247,0.1801250148771749,0.8269894877786279,-0.3803913822516788,0.0
0.7496910450426735,0.9614028977949793,1.627250948853423,0.15354288971400631,-1.4891741645489875,-1.3084481586226582,1.0
-0.1902662401531691,1.6153339627479844,-1.5245508516699,0.4199747227441749,0.2903016149229001,-1.0994720450631308,1.0
0.78660441441621,1.5588545706645651,1.2206106208169816,0.5153876396832962,0.8605348663896263,1.1853331832995604,0.0
-0.0634455774488968,0.6053114240031137,1.4987456910374635,0.9854242959644103,-1.3795607022444216,-1.6802421352373018,1.0
-0.5564566762878609,-0.9404219044243306,-1.4136572615536083,-1.6259036128788915,1.232403956606145,-1.3648618575405143,0.0
-0.3576435791754273,0.22850062917780636,-0.9314278757095076,-0.7771383071709456,-1.0214975918890474,-1.1456847526616611,1.0
-1.073129715799481,1.6190494925570367,0.14418271513575195,0.0038006737396576043,-0.6313322253647144,-1.6181279639273982,1.0
-0.34535704904962944,1.4401604477124874,1.7543402468885005,-0.23419932562909446,-1.632768883063852,0.49585700283598483,1.0
-1.0693849817217351,-0.3490995297869616,-0.7379071207507923,-0.3819353275613967,-0.18030093924740664,-0.8214940413988815,0.0
0.7624874511599082,-0.45214335732784156,1.622156795350422,-1.3517262475435885,1.194227511391397,-0.39940107784285955,0.0
-1.0343456919514606,1.5667690016479994,-0.253799096570867,0.3373792605777228,1.670991688559032,0.4017481255065536,0.0
1.2152741441477315,-0.06773870312073196,-1.5107582568486437,1.5013152598813617,0.7179933283412314,-0.4802032552970431,0.0
1.1560118928937306,-0.3934344827394657,0.3272582056386083,-0.016279025338452505,-0.34883639831357643,-1.6168185647302136,1.0
-0.30917962827449375,1.3369721542134847,1.1497279970082461,0.12483414557229332,-0.3733358655158479,1.3796671939677239,0.0
0.2811261310984817,-1.188681461520619,0.020000927742472124,-0.6911837254938272,1.6914651032486057,1.5288259819232974,0.0
-1.6135622927047448,1.1651471229423682,-1.4377978003228598,-1.3005353871452077,1.3989230936035197,1.0733113660160882,0.0
0.3972037718242268,0.507453384196352,-0.4750571375131137,-0.3755634551021072,1.5458301436526571,-1.6455177987755456,0.0
-1.1476305247686558,1.1459555263937968,-0.17323828999505095,-1.2641104256700815,-0.690390817497994,0.7647952833688667,0.0
-1.420451390794383,-0.4945250744009262,1.2193530558503582,-0.889091781414912,-1.0871367452928111,0.3640364739214651,0.0
0.888315425165519,0.777579711005377,1.2202252271242209,0.3281279416634638,-1.0338534646526918,-0.10412189782481818,1.0
-1.6595367143787545,0.7570180983697791,1.7384619169984743,-1.0189965360021582,-0.7361211628067073,-1.3854546583304748,1.0
0.8611429272786348,-1.4344934588922735,-1.3636135134199574,-0.9989236324434098,-0.886269299200396,1.6733903720266134,0.0
-1.5350867118623932,-1.4646102816561755,-0.5932680102208043,-1.1742574838537643,-0.39897002958632843,0.4400072567689589,0.0
-0.4225012226001162,-1.1676567789461283,-0.6176413956849465,1.4937687669741309,0.7539135446414591,1.4578581437040998,0.0
-0.8116139662430045,1.230334256081138,-1.408841513394306,0.08968340710133615,-0.4786369287872226,-0.12733383739779786,0.0
-0.12170794862344411,1.2102921244402647,1.2093755982165852,0.011105701661182944,-1.4974943974010357,-0.0530885960753776,1.0
-1.4161114099648884,-1.1134861812778474,-1.6485997467836155,1.5180728569939013,-0.895930412601421,-1.7318503540117889,0.0
-0.7916860534752473,0.6824703144449237,-1.6610045275869412,-0.511242872124685,-1.5338114356492005,0.7849709742015669,0.0
-0.0729366020095137,0.2844784620267478,-0.08813505796739678,0.704587320012391,0.7716528559860201,0.467291080956887,0.0
1.3710428406357393,0.35889499805081576,1.638348046284817,-1.0027797857942862,-1.598894635885943,0.2839546329740161,1.0
1.0511349588752046,-0.08100672361948107,-0.38951359643925004,0.003512914920960841,-0.9060805998430037,-1.211544763746748,1.0
0.7228226344547172,-0.6874288122931648,-1.316972291488268,-1.4670050542718234,-0.2975082524040656,-0.2079849102497661,1.0
-0.5745998951982251,-1.2957184622682199,-0.774328219670924,-0.6110643259357992,-1.0892584801823328,1.2395929258803011,0.0
-0.433338488963197,-0.09327752776903041,0.25340059188081054,0.9814737606902174,1.5001285454836484,0.0970580606592728,0.0
-0.5041032965271522,0.09531283440429765,-1.3231626759282742,-0.4470725768041452,-0.8732725036373952,-0.023773171295489618,0.0
-1.0957976941843137,-0.5516433084219403,1.1254165557517144,-1.4266575020276577,-0.7614939264335645,1.505248974388105,0.0
1.1574867270503342,0.5711412771492133,-0.6019299465409629,-0.4292470571236509,1.2525253164201062,-0.5007192004934097,0.0
0.6872184452615657,-1.1477746882567976,0.5906598999661369,-0.15025532743933362,0.18993119430734254,-0.7847401399785436,0.0
1.6391734633727015,0.7246035421567057,-0.8736536294632097,1.3367188175675335,0.4849085632310474,0.6197172530079926,0.0
0.7735258476350829,0.1978018468510635,-0.3032212806294271,0.37211860713160344,0.03019993083015553,-1.5747925477537827,1.0
1.5131319803187089,-0.3156410353879549,0.16966898749492734,-1.5339257470696124,-0.3323717208958986,1.6660975001990201,0.0
1.2695984573754426,0.8206070614262182,-0.4035914011293402,-1.5364503515771113,-0.557396312250136,-0.8268337850680715,1.0
0.25344135724659445,-1.383244741120223,-1.2181620619596076,-0.6480336095875885,1.209271316395187,-1.0498851298696583,0.0
0.5662549304657969,-0.10450287011894006,0.11085112287717527,-0.1823181160868435,0.7621251029720547,-1.7600940268648688,1.0
-1.4816275254934144,-0.6956229488671251,-0.32335209648074403,-1.1709180250395679,-0.8494795131825006,1.1335105960575973,0.0
-0.7986334234546096,-0.9728781393102058,-0.17357880451900318,1.1963763790998216,-1.511341642182037,0.970160989007462,0.0
-0.4519971321322034,-1.4879623863258495,-0.03864110883210562,-0.39547149417861127,1.622335915774342,-1.1415003635261463,0.0
1.3147690358310202,-0.2758010092988884,-0.9261294431096297,0.6579407414605077,-1.2405005744754594,1.0410956956609236,0.0
1.6693846242809185,1.4381815104622062,-1.0147962318868449,0.9583727642166988,-0.07143690430706226,-0.5462582923248658,1.0
0.5591797973161681,-0.9902896200404113,1.5669818122413133,0.19812680579753889,0.7282571195859702,-0.8685387219241041,0.0
0.0006164147423989564,-0.8929342460100872,0.4116315890646896,-0.209439579254901,-1.2309783698791144,-0.15980362644488139,0.0
-1.403205190393036,-0.13362806195377355,0.6359106291622263,0.2767941988136798,0.0814642292762426,0.4456820696955048,0.0
-0.38963882704187425,-0.0486393300298624,-0.7551408181324749,-1.743922479454965,0.9830212341258783,-0.10929002226384128,0.0
1.5458264457520754,0.738838639357547,-0.9662714995055002,0.035977273012792764,-1.2522260910017462,0.6812329882807425,1.0
-1.403414990864984,-0.8927054238039586,-0.07624020071228386,1.0481519998477622,-0.5501861675941961,1.3175574117763926,0.0
-0.6836561091503671,-1.4935046214766092,1.3024333886735842,-1.3053258054322916,-1.1590943067607138,-1.4718153459327852,1.0
-1.1946989819081808,-0.27695575532714645,1.5658374260893009,0.3412184469315398,0.5466123031819518,-1.2200625148023594,0.0
-1.638030642708,-1.4555744371109811,1.4691705601118048,-1.5823266657773343,-0.2974099827364115,-0.5186444855401011,0.0
-1.5382600279466587,-1.0783523120175798,-0.37900044952324224,1.2148524780656633,0.6850062412090249,-1.217426906243583,0.0
-1.5362185806069835,-0.8371834363709493,-1.4750795672585364,1.2216208935076467,-1.7656039569558257,-1.4270863963372509,0.0
0.7681430089872541,-1.0647294998107375,-0.5901552180551615,0.08512500420259418,0.22076086353452953,-0.8441447480318799,0.0
0.30639636591473807,1.3617075225103785,-1.4080035943689204,-0.9049085758039263,0.6405877274374665,-1.224190215418682,1.0
1.6661026980788785,0.24840607089666977,-0.5943265007306221,-0.6688757376485305,-0.434179694137921,-1.537296354075411,1.0
1.630045550341946,-0.29219480752864,1.215836167343477,0.23169430365608487,0.7423852676569072,-1.428565436999747,1.0
0.5186241328347939,0.6363586108162117,1.6347323719225735,0.017031993459833358,0.5663151586233871,-1.3150681157398703,1.0
-0.7704857109216527,-1.497682465324253,1.6739768964671495,-1.4052596550871892,0.17693896570486736,0.5206367826998013,0.0
0.20914162300241584,-0.016054336007469805,-1.4320374320374967,-1.3990303958062653,-1.7564331773512436,-1.2014543564746694,1.0
-1.6239597275469901,0.3727017525652566,-0.32032427412386977,0.7796702466387125,-0.8127878347033474,0.26139177396666136,0.0
1.5207217512734916,-0.7739316050375485,-0.8478821973673671,-0.8287673860604774,0.7305670347661237,-1.6105884423859131,1.0
1.5563984729039484,-1.1268947965960556,0.9672478250175478,-0.17499524285483092,0.3520346672251221,-1.360381926694198,1.0
-0.2882582878588494,0.04572580693334591,0.34664611739495477,-0.7814743528818846,-1.1330612710572643,-1.6726983464133751,1.0
0.7390024748918497,0.8416404548985783,-0.2450117643377656,-0.7941958472591459,-0.6137425972712267,1.4057240645217657,1.0
-1.6264432966502818,-1.4446798120364475,-0.8438712994012071,-0.7053491255792687,1.7931944946686067,1.6870737705014824,0.0
1.2016969667679473,-1.0523789232672565,0.8712588354822511,-1.4121716183913284,-0.5915158357804196,-1.1650630470945085,1.0
1.6744160458378186,0.33117955262961996,1.5375533150114016,-1.1201957539939726,-1.0394188556717048,1.0940757741008051,1.0
1.1294782325578767,-1.2808740298405197,-0.5305380477307651,-0.9501977866378901,-1.4319958539064062,-1.4581375891375281,1.0
-0.10730835657325684,1.251166928498425,0.3978374447042673,0.5845139889790296,-1.343507642346375,-1.3609173249365198,1.0
0.034758317134094184,0.8833155365168699,-0.7232508679754871,-0.790785839375638,-1.248854026032196,1.283630114017696,1.0
-0.7534201645618214,-0.2800519262839178,0.47915712914847103,-1.1142736696423674,0.015201451102654797,1.1834035644212182,0.0
-0.8834587840296064,-0.4076572059775665,1.6182591203575865,-0.4253844289624015,-0.9040782785366546,1.018680274451916,0.0
0.6810815997047134,0.5930906035327053,-0.862906039216084,0.2310616295293701,1.31641791235705,1.2061457798371413,0.0
-1.2714740953015604,-1.2852076586773888,-1.2190869750431774,1.060019217860361,-1.4476505854378927,0.9672075465680734,0.0
0.39493442127380507,-1.0932031175615577,1.482939240602963,0.8158339578665765,-0.9028547219898287,-0.6118551350845414,0.0
-0.7757439163323852,-1.3949629019082574,0.7194372770852377,-0.17655372673629413,0.6597456159585879,-0.8815182534919186,0.0
0.44741606722577126,0.6228565267894244,-1.4484998778624487,-0.09951596510716415,-0.20886708010002022,1.4664083009211188,0.0
1.3735659681725392,0.05942473729789821,0.194650792309193,0.9822845496053059,1.6670765135371206,-1.70613518124228,0.0
1.4178079819263818,-0.381013375171594,-1.3868945749329216,-1.321300216568285,0.5066061878180187,1.6917999758975006,0.0
1.0507743843526354,-0.12648790999677206,-1.2628564106602367,-1.6312066119523427,1.3578892314544844,0.5151955432660487,0.0
-0.5608903197593059,0.45446966227044244,-0.6168703698598677,0.7598618013479183,-0.34539951226576543,0.6059819069145584,0.0
-1.3427716471590028,1.4905132819514488,-0.25721504814122137,1.003037948779028,0.1706329955601677,-0.749090976307075,0.0
-0.3820880728298197,1.0276856750724466,-0.9528308097543059,-1.345909822366943,-1.5621925177351224,1.6819068142766038,1.0
-1.4515368141647602,-0.4220641950526212,0.33048284660965904,-0.9621350112802501,-1.631942933861663,0.04102799687237601,0.0
-0.34697400635037734,0.11515626263693365,0.7725698735518584,0.3148821122773918,1.760596539312128,1.3811630597609017,0.0
0.21461892397078705,-0.3574428220825325,1.6839563199556304,-0.9083158994170548,0.06772840492879068,-0.3519102268221994,0.0
-0.3547968956889063,-1.6692336354612494,1.0018048839903952,-0.49816149250595954,-0.372033785957832,-0.0032446120599936203,0.0
1.5633276090651276,1.3362079532005415,-0.5236823826237927,0.3414241444975351,0.40101463591873904,-1.484517553978233,1.0
-0.5925031727999966,-0.11639204139507392,1.4826548153558698,-0.9533342290710246,0.739960055016791,0.8597243954918182,0.0
-0.8676073098757029,-0.21034746498879034,0.9152811563982369,-1.1083819389399536,0.4558226715597236,-0.5871751320409846,0.0
1.6766793606400658,0.1681931820474266,0.6838159702914842,-1.0767436411377238,0.48263444923381893,-1.66526472169598,1.0
0.6451354409452166,-0.736644019766443,-1.5530784013239909,0.06695272946694403,-1.100677075478705,1.1958165982621956,0.0
1.0586078862603148,-1.083199910246656,-1.361401577840106,1.1458543436625648,1.0835746298022733,-1.13426739160634,0.0
0.8635879349991251,0.5258343543951451,-1.434870136142817,1.5077156354583663,1.692199063061802,-1.4419675846574038,0.0
-0.7835032388199278,0.5599507665202524,1.3327438173310182,0.44555409311896443,-1.22454196789107,1.3673810332710354,0.0
-1.2051209675590053,0.8466204422607455,-1.066995091426038,0.34756904828267515,-1.1719981328572093,-0.09457620349705306,0.0
0.870030818711228,0.5077239389484139,0.1342251466141336,0.11428073200229616,-0.9277720336610477,-1.1448614805154105,1.0
-1.5882913284984146,-1.5032919588358535,-0.742767083180339,-0.9534278738204786,1.7306418542971114,1.242230597942569,0.0
-0.37374330147455836,-1.5631426174234027,-0.5578348742039785,-1.1992464625068155,-1.2776173468689154,0.30748986623188523,0.0
1.0587406555647905,-1.1651071423760775,1.6864703050615746,1.125149390013341,1.2083606963940066,-0.27149494796201357,0.0
-1.2771257295852019,0.788159242903164,1.6539322683367237,1.0938219048616822,-0.4771730778424393,0.9074915779922728,0.0
1.6178407192433388,-1.4848405831369116,0.26196973867616496,0.9664271348010254,-1.1681667162183402,-0.26183208919450457,0.0
1.5429095798939738,0.04604774381446368,0.9470881772270159,-0.2026179179998103,-0.4550148676554063,0.5114236165145026,1.0
-0.4407790584022828,0.9236179901347524,0.7176976143979442,-1.7536467427256288,0.05886603726249546,-0.00925592901199031,1.0
-1.7105962051608794,-1.683698896833119,-1.4164728125510018,-0.16470702566902642,-0.1381294832758173,1.0019604218707514,0.0
-1.0338132627190975,0.5826133657589504,0.3435023063563696,1.6002103279776416,-1.362010026767067,-0.8159845670905703,0.0
1.2088222616626458,0.8848051986972075,0.5080646446831452,-0.5934400942246447,0.28341353716096956,-0.2666832924194228,1.0
1.2927335203268602,1.132256744653211,0.06510309427244872,1.623341517117009,-0.41287715651937895,-0.7392146884882578,1.0
0.8906310400111576,-1.5308938752217887,-1.5428701499711661,-0.5087140631373135,-0.3335545237317636,0.9272646732396927,0.0
-0.4786701834900005,-0.7709906940888784,0.15543831774571645,-0.9163593093357916,-0.7257230484919436,-1.1712560962849867,1.0
1.6007771950512917,1.168728552761472,0.684109811920184,0.6251339277227779,0.5335105648798696,0.4898358323495191,0.0
1.4084877786816703,-1.2026092111770583,-0.18603600883378693,-0.32720577448216653,-1.0768019168338627,-0.8176745046675711,1.0
-1.4343978311392873,0.7532298841984092,1.5215148568683714,-0.8550722503721306,1.0975252515816805,-1.0969659359702548,0.0
-1.4683836208235992,1.5979704930729834,-1.4925429729305937,-1.467032444302306,0.1618214857825884,1.4689719486172368,0.0
1.6657008824555315,-0.3841197804604426,-0.6845783024757397,-0.4765826906742476,-0.3015003251489311,-0.2823526696729767,1.0
0.7112247425653007,0.40495563696457887,-1.329223345569079,0.5022304982669219,1.4920758783285326,1.1432854260485277,0.0
1.1771976952838705,-1.0467967200311592,1.1128187832604852,1.4777157359202637,0.33778320769246234,-0.9298769823786617,0.0
0.8309526869239117,0.004011211065250247,0.8475176525732486,-0.5322034716626278,1.0870493677130533,-0.7712457915485945,0.0
-1.503809104194013,0.7767986614414758,-1.2601400690631461,0.12034668613469449,-0.9613998236076953,1.46327452771192,0.0
1.2079008732755399,-1.355795085086876,0.5039923768594552,-0.2821786244680344,-0.860114225521477,0.21477787706384063,0.0
0.4505121989508723,-1.086514244794883,-0.14882295289130765,-0.47016836767176007,-0.282898991265133,0.5082094032471887,0.0
0.9456672020664171,-0.4133214903462123,0.8698439271892707,1.5052550176261184,0.924240542445167,0.7469930864062474,0.0
-1.1813931432445415,-1.2007941414733723,1.0674777288232011,-1.7721448455368993,0.028500318413965633,0.6598673116501875,0.0
0.047026871413003414,1.0333033133759528,-1.6707172282125538,-0.4626597292872505,-0.05988513472860307,1.6428172849227256,0.0
0.0897607909476395,0.5678003010787895,0.07226525956363931,-0.9869776378873553,0.25623491645649304,1.5721784034773953,0.0
1.1769513925146988,0.7224394713272507,0.2563817957746587,1.6319411229667857,-1.4047298655509484,-1.7261541394905655,1.0
0.7402816735410078,1.0371889545532862,-0.24792271942900768,0.3649208391561262,1.2157168816054165,-0.6705023946440754,0.0
1.4443863934607442,-0.5164697247259727,1.2925489622153756,1.0373381939131954,-0.4639389871004503,1.4328225514404282,0.0
-0.9769998340659808,1.5481868276870154,-1.2564671820679132,-1.086453511780808,-0.4023972101469663,1.0893249875179618,0.0
-0.8258523124356033,-1.3020984748952158,1.6650541071566616,0.2532224376223889,-0.27440112966247887,-0.6665672860871064,0.0
0.7911481177658093,-1.471805114285682,-0.21825491883948872,-0.9761838329002058,-1.7883846221671618,0.7718943187564092,0.0
0.46399104125662893,1.071579195917841,0.23122493238929154,-0.7934378879958033,-1.025049342985808,0.5806526648173961,1.0
-0.1869311654497117,-0.12922170135335392,-1.4790265795700652,-0.11361589424138932,-0.5855435831930312,0.3728994055739839,0.0
0.14031154704768517,-1.1814706812332905,-0.06550198071887618,0.3604843580982037,-1.3833082787577096,0.04791336656426283,0.0
1.0255231745161948,1.1456745694747106,-1.593903429492096,0.10099228020056505,0.28773022541649457,-0.07120519153749615,1.0
-0.35948523885706013,-0.4873712739644631,0.0355780120669459,-0.9859330407087786,0.08240775152595776,0.5133064716403598,0.0
-0.22994538390799332,-1.621745375363777,-1.4680987920727244,-0.792523885095108,1.0373292014258297,0.45906160377886185,0.0
0.22481749114807617,0.21981347324671838,-1.0132627883764949,-1.7233462328134233,-0.3125606826493751,-0.6946480072357706,1.0
-0.2625897904522497,-0.740063720562641,-1.346307893169821,-0.8407500050364556,0.5706362932551416,0.9896901511575529,0.0
-0.6924635353840287,-1.2751544260693797,0.5289573212638057,0.8607804974471748,0.010086712412659153,1.2605386229785027,0.0
-1.6176228300267883,0.3710492665004857,1.3437711321105832,-0.22953834005611384,1.2006754043986398,-0.7466458042113144,0.0
-0.09712710379863292,-0.4406510332756561,1.6727061871458808,-1.5418787564799272,-0.3542686073527197,-0.6090097700285982,1.0
-1.1420695217006531,-0.002889963685698709,0.41105422724641366,-0.7567858346932536,-1.4664624349433586,0.9311286931108328,0.0
1.6744506110198685,1.248677814697815,-0.4897823473639694,0.8052515901780036,-0.4566215792795775,0.6990570059272826,1.0
0.4549196935009487,-1.541159255992616,1.618430716836862,1.1902311194172472,-1.0030846342327084,-1.6678513578117113,0.0
-0.23395478900393524,-1.0778893945257422,0.8479887493434474,1.6756641249273532,0.479456704026177,1.5893939713059018,0.0
-1.5083322188557073,1.6239675478991882,1.5666680946096914,0.43546367236053407,-0.767954126859877,1.4716470482938513,0.0
-0.12847326813204857,0.1830355677984479,0.0637973859368269,0.7709876558753845,0.48000382343402226,0.47825820473375963,0.0
1.2683927274237823,1.7136691867578095,0.4632874357551258,-0.8828029637944792,1.1289416812287634,0.9759137070818998,1.0
0.881108912249896,-0.24127709996713856,0.11653367471491695,1.4608753832897488,-1.3683737473400495,-1.719087538582712,1.0
1.0116277089039571,-1.2496679798902521,1.0105562152435899,1.1853326191675146,1.2212266070652522,0.13214854214660876,0.0
0.3063146934316923,1.1357499951459626,-0.2502837916053199,1.4268809413109507,1.5082327498739583,1.1971244715950493,0.0
1.1726160141233752,0.9855393054506353,0.4451358640574965,0.04180260265733586,0.3847434321652456,1.3475788105581374,0.0
0.2823851345833062,-0.8325960441285222,-0.9672333381849572,-0.8048015340953201,0.170051442117959,-0.22671964474453876,0.0
-0.34878344162904257,-0.25313286796225065,1.0858316386920115,-0.5323674209926128,-0.4678516584216075,-1.3502188198106795,1.0
0.5191544483198073,1.234749717660391,-0.9342706997289761,-1.1608791103357987,0.5429403838383609,-1.4546234413543455,1.0
0.9284961438109042,-1.240811380130174,1.3811410423599837,0.5071201097668147,0.12933404046478436,1.3853112306140787,0.0
-0.4104553602807583,0.42077160620626375,-0.17390910836875717,1.468057980491998,-0.6149589037230259,1.16934750703046,0.0
0.34547832944176066,1.7211006201472652,1.5436716785136242,-0.39774068281952096,1.617910439630376,0.5572103967954427,0.0
1.5152219366740867,-0.3281218660734245,0.8149637441268873,0.41389050319093956,0.01171010217967528,0.0734648495710951,0.0
1.4690079733571977,1.3493632835083156,-0.6413408313382827,-0.43283094505958697,-1.6859323624861304,1.1396157370450621,1.0
-0.4383994625288159,-0.6837594235479587,1.1120404208356194,-1.3488649403968398,0.8295591439794532,-0.13150007877349665,0.0
1.4264466550426285,-0.20896704227173088,-0.07146028189260045,-1.3890196060666766,-1.4285691157508762,0.28556352992101974,1.0
-1.1784173586652407,-0.04379935114809007,1.376763954991275,1.1363022780091192,-0.7980981497470494,-0.3102212148207027,0.0
-0.5282219090318767,-0.8279556670059202,-0.9149546442359757,-0.577471166530696,0.7127755650502063,1.2630618528762643,0.0
-1.4576586688769222,-0.4213910292913124,-1.1969693131825958,1.5460490831578435,1.2983813794396675,1.6964651405998012,0.0
0.6253319804429671,0.24138304913373526,-0.23741059065796064,0.8784049147436427,0.19538991466761566,0.4283469347360789,0.0
0.5495199019902868,-0.9411900787969404,1.1636797485806458,1.5467246857609391,1.567088403755614,-1.0352427607656072,0.0
0.44530753335131185,1.3265980819461605,0.13750705876458585,-0.1997122890315515,-0.4156534887976095,1.486702811819852,0.0
-0.18934076173725314,-0.9656758452745948,1.2133155878376642,1.2787542857925296,0.29136851264361774,-0.9197957752266058,0.0
0.07849826951777608,0.5692631424424724,0.19358692052004356,-0.6660038180725211,1.123155518415705,-1.5201211349559078,1.0
-1.2687134507417874,1.7180000588106865,-1.6663868836836344,-0.7371119656857013,-0.09324832128528564,0.5429976794077582,0.0
1.3750160396649866,-0.013044243904376777,-1.6807931576441786,-1.451508554601072,0.5732357426049989,-0.7990482872600979,1.0
-1.0216370856832564,-0.8819126232477195,0.09762250468165853,1.5675693648894122,0.7307662492605719,-0.43860063464894217,0.0
1.3286603378485473,-0.9826488462070483,1.207042222042375,0.8532921256409781,-0.2535785665304941,0.786748426363683,0.0
0.31161171304699664,1.0267426945451483,1.6110249855971552,-1.487429404403147,1.2267632947249565,0.07619760959953494,1.0
1.1214341350232067,0.8679814823578773,-1.4850379681286447,-0.4646663229068988,0.5934038732923906,-1.6106104346242158,1.0
0.974783153835688,1.5470586902621115,-0.3662538890168113,0.7499758291341352,1.2770607279242765,0.6376768462687035,0.0
-1.397692206710304,-1.5368145172577163,-0.48666091088041874,-1.4612469537998618,-0.8243388110444932,1.4418020630046662,0.0
0.22974087915211455,1.638030403693025,0.05519030021863411,1.3601251962780054,-1.1878305534828315,-0.6811202883129759,1.0
-0.4616216101882741,-0.5875172300130902,1.241882335263428,1.1034715217308046,0.10213473153819087,0.14791488997503094,0.0
0.48883617615324065,-1.4122144322148882,1.1311360296129507,0.8088798988007772,0.023700290581166395,-0.410132772651515,0.0
1.2027300987201537,-1.4965771309084819,0.8210999200005297,-1.610162644132771,0.8263352616582901,0.48659094951823956,0.0
1.685705345351125,-1.3037101758076874,1.0547371019929772,-0.46014262402936384,0.2636038735949499,0.8779107332056967,0.0
1.1093621668195,0.5206013525903871,-0.9451913811119422,-1.7552422302751027,-0.5191148359715334,-0.008182699266722554,1.0
1.1426108479256247,-1.5179749370906799,0.027029102146248405,-1.6533053949090568,-0.6672249304709238,-1.4820299601192797,1.0
0.5279726858131691,0.532147168313431,0.5635507522679633,-0.21699899417871932,-1.4515205298608662,-0.8999974846898614,1.0
-0.10958909583872242,0.5537227533543201,-0.9535394681553725,0.19493229774089751,-0.07232151387994329,-0.38021146191391236,0.0
-1.3290338453920765,0.07070417084380556,-0.6859576780332346,0.6948094512120242,0.8234190635450401,0.2297805637992537,0.0
-1.1215895077081526,1.3212892907648932,1.6004776951365203,1.3534342838786841,0.1503792048743014,0.28160784557235913,0.0
-0.6102764134558992,-0.6448939275053844,-0.028617783774063734,-0.6843874432550761,0.7017119157837183,0.19720606924445255,0.0
0.2634772380434527,-0.19214319975096134,-1.4383060768113354,-1.716083522769187,0.6819370759296273,-1.2035753137619,1.0
-1.3637793925345627,-1.2731372561098913,-1.1554160403842941,-1.0804090127384072,0.5406049838322621,-0.38856143750376887,0.0
-0.6242789892481962,1.3037607068967216,-0.3930507758465326,0.7575302436168871,-1.5525784260287885,1.150423511072658,0.0
-1.583844732945193,-0.4372532340939818,0.6234034130759507,-0.1915750016004518,1.0481097197234317,0.7628990225438259,0.0
0.4472921048708495,1.1721632139094735,0.031527846546795024,1.657542777241321,-0.34237039976431183,-0.4860562077328954,0.0
-1.625137355872294,-1.1740355266570026,-0.07649309278807771,0.5395236881646946,0.2292505505105655,1.4247504255895937,0.0
0.5064358961739365,-0.7763386410381864,0.12386842051309929,-0.4405890022205168,-0.15780461317845745,0.2962132811245616,0.0
-0.7204293326319522,0.5556826605945807,-0.5919397745172588,-0.3280714498026411,-1.7804944077579732,0.05997254610793768,1.0
-0.7381715134309919,-0.7110535653096584,0.21152246413470482,1.163990035619206,1.2946279550361026,0.7187055941838087,0.0
0.6057501332453236,-0.050525382233013214,-0.22159615642263925,-1.3115078481142846,-0.3940377476832052,-1.1391178606456052,1.0
1.6662575046253827,0.13136927648026486,0.31867385684716837,-1.1299233877542991,0.4648763327245668,0.14513889551498563,1.0
-1.395702578984641,-1.1048695677851,0.035621647057285134,0.5880835515459079,1.6899866442539926,1.4148271856753236,0.0
-1.0932009795054722,-0.7076297594565522,0.9478236296986331,1.2018816216117982,-1.645387716628935,-0.8171149111391632,0.0
1.4897989068631503,0.6237461562972727,0.964630316473951,1.4467961163372962,1.6622212478885101,0.9044436621741135,0.0
-0.326539750261017,0.6837671436728384,1.4643279196839514,0.9192855406055646,-0.18980137663057106,0.43587593871556185,0.0
1.293762718621374,1.0352086130164395,-1.4969936716007295,-0.9882267738273434,1.381947896186503,1.15185414093355,0.0
-0.3430088728888443,-1.597032918784813,-0.8522678444250255,1.182428781708461,1.6613823213185184,0.3683956890740282,0.0
-1.6585738272086277,-0.31860005216622744,1.2726178318165113,0.8012167093525192,-0.002854355083452501,-0.22779262226670013,0.0
-0.3869530335198464,-0.31234532513980867,-1.5220096540572776,-0.33508222560655393,1.07658858611392,1.1346102662635347,0.0
0.5965294434577533,-1.2839428980107193,1.1430846637311651,-1.6311898711744923,-0.1412410190216898,-1.1605833097332012,1.0
-1.121763043762713,0.28059914858971846,0.9229315652869087,-1.2520735194631272,1.2003698341284685,0.47601387583789295,0.0
1.1345846101715378,-1.7040018495409397,-1.291176579476246,-0.2886503212415656,0.6174513438776185,-0.9327724281856767,0.0
-1.2807198470318422,0.78313746170197,0.9265169539396741,-1.4115981124561843,1.1543391943726518,0.10840775607352517,0.0
0.3657463275158668,0.789128169237518,1.4516343594276735,-0.1080231885331072,1.685127294965423,-1.4222641680902863,0.0
-0.90356121198533,0.6358451650049554,-1.3246884365794867,-0.6041010299275807,-0.7143460988385083,1.0905313283920732,0.0
-1.1790865718227512,-0.48690380574856534,-0.7067118695621886,0.14223324235537518,0.9919272404269832,0.9057010843118074,0.0
0.6739260544079954,1.4200275718136908,0.1508689220560147,-1.4968108869341035,-0.2643767309823243,0.37486076672150614,1.0
-0.6349106203525926,1.5792039749611986,-0.4658644821401315,-0.46730248630822324,-0.9697311167370969,-1.7364812208935976,1.0
-0.789010743131717,-0.13863542155008854,0.11826510885977998,-0.7269623093470866,-0.6720858540681365,0.4045309179585285,0.0
-1.2661458778033545,1.6997272511107353,-1.0530399024239567,-1.6572652940141337,-1.2650843100427593,1.661642884519172,1.0
-0.4658821485312696,-1.44335531039195,0.9666605195791466,1.0086014513661452,1.6749128397420734,-0.33502085327408854,0.0
-1.6076335477719172,-1.357727323313162,-0.34529932732369706,-1.5654761476166013,0.8746975345875102,0.999840428116718,0.0
-0.2284248042907128,1.2968499242770701,0.8611223955720393,-0.2764684699224811,0.11127415264444762,1.44795825781627,0.0
1.5855803034508151,1.1249639276650678,0.3904033413898762,-1.0686616255797232,-0.03277274900793346,0.797423851386501,1.0
-1.0645619065885266,-1.0865174162803197,-0.34667006038537046,-0.10153769942151962,-1.3000225006667498,-0.6717706938115037,0.0
0.33345776715751135,1.084751278591656,0.5834838632058494,1.0133008724414938,0.07559695124282063,-0.776093045502734,0.0
0.5072175559406847,1.065480209679885,0.3983657219782834,-0.5240548870116213,0.3809025578051756,-0.968514095092448,1.0
-1.2253988528625326,-0.6729893718440482,-0.3390734180015868,1.3627832662754726,0.520209462209011,1.2823719905013362,0.0
-0.4967665447468955,0.5306738357273835,1.5803680730872032,-0.6577189574291817,1.323917826582053,1.6745850007008327,0.0
-0.12540526318855516,1.0594166581429,-1.6414311544178544,1.0194461670065338,-1.3031849324878235,-0.1264055826586585,0.0
-0.3620008022263061,-0.2832327466757538,1.2262646478013255,1.084371280076293,1.7778886988431635,-0.8914690479888447,0.0
-0.30377524542055123,0.09989933384142112,0.1254244158500601,0.7755329370320279,1.00072441482365,-0.2819681403004064,0.0
1.004867533522158,-1.0214612291908562,0.0015964551292805516,-1.0397540163489007,1.2181224243925648,-0.8308923126697152,0.0
0.5382222141445425,0.27189488157269254,-0.006671249278021967,1.2573812440484495,-1.1210786864015372,-1.4757866024001949,1.0
-1.5122069557602282,1.3006757737394568,0.8299485974743872,1.6732455192225402,1.1766180946603122,1.0893786889445811,0.0
-0.2483741967813278,0.2617131363382726,0.023727943698720458,0.9220968130858774,-0.4868431156917853,-0.32123889955399343,0.0
-0.7808733966266483,-1.5245193262275905,-0.4525177763471214,0.8358073146307483,1.7306044099306883,-0.03816007690272881,0.0
1.0470472498501193,-1.5037774960873163,0.3593449052306253,1.5968440496205631,0.251273931496854,-1.2682352125567917,0.0
1.168564578462423,-1.4056422177497112,-1.680030805538309,0.28560365657954984,0.08291730895608976,0.3872033658038539,0.0
-1.16109926710974,0.919333085898755,1.0123055168455533,-1.516416605725769,-1.7235594106375356,0.5390567897944254,1.0
1.129322278385213,1.3137622865407046,1.220263504626842,-0.7876085849327712,0.21546253643697363,-0.5883295554037621,1.0
-1.2060265773428391,-0.10170918685273461,-0.936524039955474,0.9502386028608331,-0.5521439553110267,-0.8300954783665704,0.0
-1.2593424532083677,-0.3756896506950155,-0.6107678218246038,-0.967521610691995,-0.6997611819347853,-0.8571544376673252,0.0
0.8651733105344018,-0.8877444022634324,0.37711950926859383,0.3934335681979294,-0.6261594939586913,1.0177647044610565,0.0
-1.201061346016265,1.1683926303422487,0.13696391423359883,0.7630510067218229,0.8862347423181991,0.8233357031942645,0.0
0.72630230007024,-0.9447427941890052,0.21060722340315494,1.064004587086456,0.7226594891300505,-0.6484922226484467,0.0
-1.1839910116524293,-0.4163391949487757,0.7564539269860658,-0.9553114094770344,-0.3450404680674346,0.8520594785182428,0.0
1.3077841661258442,-0.07933108509067684,-0.6311163524875317,-1.069570213013058,0.453098465767178,0.4107199423599456,1.0
0.4730747052552801,1.3981597953436833,-0.17751599317330882,-1.5010090386306203,0.5897855905952535,-0.6877446435914242,1.0
-1.2959036728099,-0.5417474615140148,0.6807456656122657,-0.8456195714763979,1.1810928076108596,-1.5267876089779362,0.0
-1.4001652961818511,0.22620470622339817,-0.47319695094827385,1.6224730340630824,0.5253345877653143,1.0743999482938713,0.0
-1.4000903256928603,-1.0041711717348174,-1.0756311404444565,-1.6860505137318818,1.6126046545268184,-1.6713903041021576,0.0
-1.3431946010435765,0.5380427491214032,0.17578742373095668,1.2208984310108772,0.2544702167025868,-1.0142847558987458,0.0
1.4122351672824118,1.4313953937367498,-0.10033186117490847,-1.5831261908751182,0.18739039833220955,-1.5276484575754972,1.0
0.741986526909054,-0.8469747319373363,1.2578280706525502,-0.7778871196608106,-0.7378044896355687,-0.17722722733949017,1.0
-0.424280559363342,-0.6339733174010103,0.7518077637664977,-1.5247668616306882,-1.3235666324767894,-0.3707630246517907,1.0
-0.42038589073331645,-0.48385066230581525,-1.153447860268581,0.9532705964103513,1.1527222449173953,1.0552674869531329,0.0
0.8414389464888102,-0.36952215584620945,-1.4370894787785955,0.4029069542913856,0.6759972781661023,0.8053987147462806,0.0
-1.579825282116535,-0.994396440696323,-0.9803678847114327,-1.1993280269044917,1.4807470602648345,-0.7763338351180528,0.0
1.1595091022613158,-0.457676461584075,-0.46066673798511343,-0.9510155393582179,1.6473722087073235,-0.26614680780709477,0.0
0.9268990567524993,-0.22529564938752583,-0.6075215672658989,0.21987951989096127,-0.7499739147232174,1.6845632060295008,0.0
-0.3893907941788259,-0.344956251346614,-1.3591205464546086,-0.5290809942224661,1.1563990663364747,0.8582014927102886,0.0
1.4244096591706594,0.5188394218906054,-1.6506078202209369,0.07398461722337671,-0.6008141286571951,1.6221515188046218,0.0
0.7900434462604261,0.026822906037527603,-1.461088615441254,1.1936707470376513,-0.25773969369568434,-0.7793040595406522,0.0
1.003625393532074,-1.0517744453926716,-0.2590909773347443,-1.366329696528363,-1.5791690571023607,-1.7595929736918776,1.0
0.7261991290549736,-1.1756551212750896,0.7669529814645897,-0.8843210137194076,1.2920945992793917,-1.524400617983134,0.0
0.4098649908706912,0.7218405211144538,-1.099710401679718,0.5562342130167575,-0.39879307751477694,-0.5322131224065129,1.0
