oz1,oz2,oz3,oz4,oz5,oz6,oz7,oz8,oz9,oz10,class
1.6167425193793061,1.2118850628163544,1.249166694626151,0.3333957248198583,1.7159811498818436,-0.5702041424025354,-1.214597412827706,-0.42787497818298337,-1.2488455221077501,-1.423366803808674,1.0
1.427026642886589,1.6300331780319706,-1.1345614161261641,-1.643533911706779,1.4908715751142043,-0.09833316443443722,1.108827525597822,-0.23381993265776585,0.08394997953361312,0.7015928602586581,0.0
0.2545582940431688,1.0116619315429036,-0.10924765313283138,-1.0072247018345144,0.2003672083883691,0.10492348218659173,1.4245234042390067,0.016171086043210627,0.3077338889321226,-1.0409255500238916,1.0
1.3780481488494072,1.6116900046397695,-0.8070126078233111,-1.511675971283903,1.1140431274438631,-0.29379491290467274,-0.9995378621375196,0.9218990340414436,0.2624862615914291,-0.15606404255212372,0.0
-1.1377559992737203,-0.891394784131392,0.042484228511035955,0.3810975798905902,0.5709785469523395,1.039290749934759,-1.1257359734661263,1.3441622048001083,-0.573977035258766,-1.254370290900119,0.0
-0.4007994489231926,-1.2112857611065104,-0.23218813609767797,-0.4883852370377499,1.684101207080846,1.3834018364558394,0.33872539964133813,-1.0378170057810048,1.414583399965839,-1.4888165343484754,0.0
-0.24149978351076254,0.4826853912059673,0.31804003493208527,0.18182092425438137,1.4554628676176529,-0.11093546672007372,-0.2721370910112172,-0.032286147068714945,0.6177839381249187,0.08696149128525693,0.0
-1.1548775617294604,-0.81906761342693,-1.0792137365583347,-0.5847134094906646,1.0108575254843446,-1.6715068929200754,-1.353933094218991,-0.17751077285407246,1.5209505918530362,1.5577740250724939,0.0
-1.1614998735330333,-1.6479011117575606,-0.3637079095956796,-0.8792987277363157,0.3106783737620446,1.5284413692791057,0.21039822357330729,-0.3273647137264343,-1.4961591982237483,-0.8885423452097679,1.0
0.45434320603840245,1.4121071935894565,-0.4177879552153449,-0.8168745102056271,0.31430018498912254,1.1979971174056752,1.3156249444185695,0.8102001742492626,1.3701932014063722,0.4321160985139862,1.0
0.08324762195270696,-0.31270538247059376,0.18489244735858004,0.8712186830121524,0.08715559253201437,0.805773970523235,1.3633017874767381,-0.756647394891501,-0.9590676105639785,-1.75347388597024,0.0
-0.022137080705389275,0.328888477611054,-0.213026553323219,-0.9722251990431989,0.6499120206951812,-0.6040010438957714,-0.33521663691874476,1.052847520432709,0.03936068140884395,-1.2573617869074873,0.0
-0.4493827453229049,-0.46592600786468313,0.9596499062692828,1.3159610928456553,0.7325493466928965,0.40047328369354546,0.9443642779797327,0.10984393115578146,-1.1115068420622667,-1.3535698993049878,0.0
-0.6880250898347064,-1.472384336093743,0.09578988685692143,-0.517702898414856,1.629590947112645,0.7347274408626021,0.759538847289857,0.7475808587823454,1.6739070820209792,-0.7779540414698245,1.0
2.0097660695926503,1.6029006090768543,2.0841502728294254,1.4658030268273303,-0.08474937520978243,-0.40088746882339643,-1.6885724464392446,1.2318670468035067,-0.16069936420851522,0.9439450573692966,0.0
-0.49178695157321906,-0.929740960994209,0.09690544475132001,1.2231016550613556,0.15476940543972903,-0.26553377979397297,1.6557750525527088,0.7067454372833005,-0.20509756677060725,-1.3920311332565762,0.0
0.9620310996377684,1.3766954842492383,-0.6732357055273155,-1.2131566857129001,1.2320621474289775,-0.9494558023737911,0.2792026324690799,1.1722642398706975,-0.9848024800047153,-1.3009155675739597,1.0
-0.6590475982548785,-0.45221715208744195,-0.3663972545464808,-0.49171590265984955,-1.321448834706392,-1.1842692302262636,0.893449815797139,-0.9715308565570375,-1.4170426337744388,-0.0786793434932937,0.0
-0.33907758195322507,-0.9305693752828936,-0.4212026629225936,1.3396429358240565,1.4532897808814063,-0.8933347367888271,0.2046363420722057,-0.12717960259973085,-0.8987794617901695,-1.2740861505393157,0.0
0.6908865008200491,1.614414367089151,2.9828176995477302,1.7612727873709493,-1.1754948447568456,-0.8099080159180905,0.7873347479433738,-0.9051436567984285,-0.6732957023341292,1.5760651722319272,1.0
-0.06328465851858493,-0.5080630805485458,0.33738570977162885,0.4826003400868209,-0.06713856824320068,-0.7531666401221788,0.1358859601951967,-0.09424413180891716,0.2879750079514403,0.45390199335025466,0.0
1.230722471602132,1.7191557480892676,1.1841801946505763,-0.3626033351618881,-1.4515238837761164,0.6461691537467853,0.07125763974977971,1.077254726299895,-0.5487103999716046,0.6684062640832722,1.0
0.3329615033157456,-0.062430220255087744,-0.8427844974702412,-0.8707194373459569,-0.7669685453471997,-0.3954227359650171,-1.3506384465747598,-1.356752503117267,-0.12047124701416245,0.12001101891448575,0.0
-0.6771156340398494,-0.44118363424249857,0.7195088108688854,0.34549177389501134,1.397125693852885,-0.0033896841472222327,1.3936929860316019,-0.24617110939194958,0.7682791974856067,0.35336971849661836,0.0
1.3760721606620592,0.7408895186845471,-0.6789355560424624,-1.1692537304220156,-0.636756427731036,-0.8367724505538181,-0.3603532076486763,-0.13345574125129298,0.47973890484775955,1.327754995614975,1.0
-0.9912077107968601,-1.3346604605999373,-1.0615038797971246,0.5467244076901883,-0.4586773723974443,-1.118119149230755,0.06861431783175397,0.23729166684693265,1.0009705613056572,-0.12909055346896417,0.0
-1.1261632017411627,-1.6069526334878976,-1.1983653246836412,1.400652445878131,0.41366687715478545,0.45786298370993117,0.4295898406985603,0.5867854461590696,-0.0018179110972536077,1.6455939426453208,0.0
-0.13818611657307658,-0.8344413017843294,-1.2820521767706095,0.5356328609534514,1.0814608334049074,1.1810536441437465,0.5800390799495841,-0.37006106586343634,-1.1186484134046186,-1.3704413364863424,0.0
0.16892246775472436,-0.19447525576993988,-1.1736059424301148,-1.5795329056448713,0.5925643417656562,1.6437100139782534,-1.0414518231942393,0.21049926816206377,1.6133007741428178,0.31150878440020163,0.0
0.33676740663963,0.5712816980798728,0.08467432792708439,-0.9676589155048202,1.482326301719046,-0.7248044564771152,-0.7732987205646613,1.5054818796031098,1.6824973778384957,-1.5339431015445744,1.0
-0.6997479524125072,0.018565285470102298,-0.6953687743523249,-1.2176679417327398,-0.6386013503561001,-1.4892757609491458,1.024463335298137,-0.10610306237435094,0.49650128734562526,0.15457330305312617,0.0
-0.5421551405938067,-0.8675418553191597,-0.7426644270734102,-0.7648444906767387,-1.6495269028599926,0.2467103884037448,-1.6615409280511977,0.3663732195981829,-0.4515868306162079,0.5923602344752311,0.0
0.020681332689006963,-0.7632917199902319,-0.674172173858398,-0.9308625141081305,-1.5817460063956699,1.290148201243286,-1.2717099746629,-1.2351927119445987,1.5691947176765462,-0.41511659128650474,0.0
-1.6472187804904814,-1.2692807643165205,-0.2121911355278622,-0.6990595925138384,-0.448716391022641,-0.19938770079982526,-1.0366284110190682,-0.901990079717331,0.41144475244807494,-0.4997359082815486,1.0
-1.7799041361451169,-1.6242302740087833,-1.1137820242797387,-0.3987824278506069,-0.987154657946759,-1.0289505569073927,1.2713107830282604,1.0782492236408248,-1.2504493241337786,-0.3387383955666087,1.0
-0.49874843299477223,-0.4943882417831589,0.1541240599806072,0.07429515202900075,-1.1811176566618675,0.6597439423631329,-1.1740031117293044,0.908719443023266,-0.4196448571396135,-0.32735370223288196,0.0
0.16099850499837187,0.4090775800552298,-0.7606684309386142,-1.4169255878625446,0.6629295306055434,-1.3082632383926258,1.3462472585537,-1.2830786593606782,1.3575258667516343,0.721168649850687,1.0
0.5634717809988057,1.5473538302199978,2.284635536209749,0.6833487317188569,-1.1524793349591382,1.4406804809344584,0.9591226586053186,-0.3768194456803186,0.5334747769724982,-0.5146133482914368,1.0
1.2267484842197796,1.1374778518870432,1.8876049798420538,1.096265225830224,-0.5888324614942866,1.6915329297412847,-0.6789505372975353,0.17183693340798825,-0.8732727064242516,0.4418379602877644,1.0
0.7224923068141369,0.2882971779658599,-0.7766574270914248,-1.655801046339571,1.5541812355636622,-1.074301236329696,-1.5800441717473728,1.5811857385556205,0.8551496394780974,-0.15924163162215763,1.0
0.46291349201957865,0.41660734567919105,-0.30494452182024767,-0.9300401028310604,-1.1621521722363177,-0.2494687458307732,0.06027614793590739,0.4595848340526364,-1.3542052101644977,-0.09477539291354112,1.0
0.03060729664175611,0.4786923943144939,1.312626431061948,0.644230169039832,-0.9472396969234789,1.1808015180580063,1.0833908047636482,0.19870036761720927,0.36713559441518845,1.5698600691423963,1.0
-1.1483442944568616,-0.48175092187932494,0.9300230897949052,1.0295368558494684,-1.3878610467070014,-1.4582872639109574,-0.43317862744094604,-0.4331556189932727,0.25210607068684765,-1.1281181538854743,0.0
0.49919363563963604,-0.19907055387130235,0.16485042427284688,-0.6526333753728683,0.798643399585713,-1.015433797310779,-0.6549085139477401,1.6638530798953264,-1.13543480791036,0.03564883050602836,0.0
0.038528257897064544,-0.3266773698395306,-0.9520521426011406,-0.2663922212484104,0.3675067930156432,-0.8007844533154611,-0.49856532714974816,-0.5511446244418178,-1.1568495169341346,0.8942231921257588,0.0
-0.5471816543422807,-0.13722662582002482,-0.23559884180351184,0.7086904047564542,1.512639460989214,-0.7015408225659037,1.1496439377733625,-1.155295756054626,-0.011988997433251174,0.5601671351343994,0.0
1.9051387456980085,1.768417383755887,-0.891123672060257,-1.688195246253161,-0.6304882931073778,-1.4794258350995038,0.0477969071018668,-1.1933667951059959,-0.6667774426962162,-1.406032134971329,0.0
0.5689415164014545,-0.3472916790231735,-0.3688764944230008,-0.795667905061132,-0.01232815817330822,0.18685045304731174,1.016266235951284,0.058586297583833186,-1.3855879039576549,-1.0191356531862756,0.0
-0.43632121327944756,-0.5622982034483185,-0.7812107042012078,-0.8889825704987977,-0.12027814274701024,-1.6407455094591212,-0.9084032859864796,0.31718662173621925,0.05434917682489545,0.475644866672036,0.0
-0.6173867637631464,-0.33428617499103536,-0.7674358153311811,-0.5509745371240549,0.17964584586792404,0.7456479020762987,-1.475177728327255,1.5197109954810815,1.6053257860271146,1.6066564705333621,0.0
-0.21736671461606824,-0.8703672683037554,0.6100600751739625,0.9768254955910365,-1.06394806146454,-1.0125713658373583,-1.1556559363573302,1.5024903835775762,0.04377889085796506,-1.3174288256346998,0.0
0.29189196452969585,0.866056114302411,-0.2821271107532933,-0.8004492961719805,-0.16554177858243374,-0.9165583506864291,-1.5189666270351403,-1.6869756453231168,-0.3126283405394456,-0.374410234578885,1.0
-1.3179371074497657,-0.9655668774787697,-1.1103403030629395,-0.8193417440368369,0.8343652636883624,-0.20170385908747598,-1.499944113928621,-0.1794567460211836,0.8019370290249825,0.060882449503297145,0.0
0.48243625531057693,0.4767044001217207,-0.7394918404517618,-0.4220600686928328,-1.5232257410688699,0.9441191555699698,0.49193301835034714,-0.5416208616769174,0.8746193758639437,-1.5198530552998364,1.0
-0.49296053848145155,-1.3534038341315995,-0.7949915960733568,-1.4518150356167827,-0.6591536283192589,1.1465053668949916,0.07685043669215821,0.40772790077523846,0.603751921022581,1.5494638692740992,1.0
-0.730811487217966,-1.3463092861593022,-1.2489436190652838,-1.462947602867339,1.4115078862256045,1.6162302716332795,-0.8080050771181796,0.918768468468235,1.1170015858624787,-1.107485835937666,0.0
-0.07741572543408023,0.04250325681196996,-0.7900491243259765,-0.467738912082013,1.385202731313358,-1.1744143018749202,0.08146374379435985,0.40530168744349315,0.30911758088595737,-0.45736471901330655,0.0
-0.6377399423430048,-0.5608314699371935,-0.4324322788927549,0.8055038198728468,0.7280821126793874,1.3018010287060369,1.5481682386808604,-0.16473338297377593,-0.897935039513209,0.6438339758087026,0.0
0.6526733905276088,1.071339776339348,-0.02726765464931048,-0.7027804532673945,1.3927274943627648,-1.1723112501597401,0.9202762316139538,-1.6690977046942688,0.8652717012980156,-1.090983583380632,1.0
-1.4674528799588662,-1.687696013125227,-1.2144053463544913,-0.28654029703628736,-0.40287146449027483,0.9374578243046658,-0.15185793973826553,-0.47689749398869696,0.8281031141071529,-0.6536048560959875,0.0
1.1577089577043622,0.29362584282278487,0.499223645488429,0.1222111141718652,-0.28859831777427103,0.6374147757697037,-0.16877740111439482,1.4035238911502572,-1.223666930849466,-0.3637799184991903,1.0
-1.8118531137585772,-1.5932227672033346,-1.4545124247428625,-0.5405623301161874,0.6013977592584383,1.299210733325161,-0.34330268072702796,0.3727073872696383,0.6812956989560347,-1.2643632882652005,0.0
1.5418440628258585,1.314257258990861,0.6138919915287128,0.09556879069607932,-0.523806942963492,1.4115008885114206,1.1284543409142154,0.6741741486173344,-1.030963564145012,-1.651809044735219,1.0
-0.07875839690112885,0.9088335072094115,-0.7617209573107284,-0.6124232668261022,-0.8447554457015798,0.05734368800623852,0.48448229226270983,0.7881881662031891,-1.4965523948527122,1.6370486692677515,1.0
-0.5107174186581869,-1.374503385984339,-1.616928649664113,0.9111356449601576,0.8203542569414012,-0.19972086741312448,1.3239340998043394,1.6946224674435715,0.19987495105565029,0.7181111208210825,0.0
1.0645343612935545,0.7209725582439152,1.9642112909257408,1.193964083744922,1.4071006822324337,-1.5186434474361485,-0.3752956803381973,-0.0781630897960751,0.7109555311841135,-0.11927264366284233,1.0
-2.070303364160564,-1.6123623388730632,-0.9787695040468983,-1.5040561607167924,0.6617809562164036,0.09578091007749785,0.9551716827331447,-0.051234623064559885,-1.0623822759499826,-1.1239810849923413,1.0
-0.17767986731098806,-0.4947254104006549,0.1822701359314781,1.1091676781770539,-0.5276678737715842,-1.2460861442482019,-0.6377379269843948,-0.48665837533488543,0.9369635528121057,-0.5079490155472629,0.0
1.04672145309733,1.7371437438576969,1.8564143813148108,0.015902950856696445,-1.6156499613824076,-1.5434698628788115,-0.4311716237439136,1.2503522911405482,0.9641021242132404,-1.476332291144482,1.0
-0.5557739513311135,0.09279140583630727,-0.9902092250913409,-1.1180541261728936,1.1573587891193085,-0.621924006990793,1.5483673382500076,-1.5893528248564304,1.5847905167917862,-0.329455753440735,0.0
-0.09782893403482015,0.3366453568141594,1.1801641862307413,1.5254358484175987,1.635206755515294,0.005544783891102142,0.2876758699118354,1.5643933407989143,-1.005962061444811,1.106767482698765,0.0
0.09137968878144852,0.8976219003024078,0.6928134604309095,0.30278641750759744,0.946057119529819,-1.058802485559071,-1.1510846502697223,-0.4005162963039834,-0.07830516068417845,-1.6490836818174692,1.0
-0.3127214012852208,0.29474640321327605,1.0418220008207182,1.3549635974855803,-1.600617443789356,1.3306174395055685,1.4726584764563184,-1.5775959453259814,0.16086144125967458,0.6987674473072173,0.0
0.936418290728346,0.12669035864936254,0.04649623492945598,0.18328765774852315,0.13172688213286937,0.8728985388501354,-0.28156080378407283,1.261464848450113,0.34292548747455603,0.8641001279819989,1.0
-0.5975458413614763,-0.20950177050635677,-0.7562041983603125,-1.0400020933772016,-0.42716061121949345,1.1677449886179019,-0.10847224267041207,1.6957150138181138,0.5236908842634957,-0.897293721656741,0.0
-0.6743872695907872,-0.3164692647822257,-0.3575518309192361,-0.18413408503568413,-0.570400243749409,-0.5764632725310637,0.22300452795147704,-1.51113771004302,0.7918639917211437,-0.48201804781516616,0.0
-0.3118159484702588,-0.658650389024981,-1.9497070733158643,-1.688150223737993,0.8241431517250875,-0.029401692493067188,-1.6266874979466008,-1.2522812578028293,-0.8385423385330965,-0.46627317401317503,0.0
0.9851126426666892,0.9977819902060429,-0.9984453440031698,-1.5685143954327405,-0.9288525016938549,1.6521032113325094,-0.3880130402549367,-0.42072740373267886,-0.5930525745153201,-0.7147994587029003,1.0
-1.4541022033148299,-0.9626224049526844,-0.43386299439857545,0.8801871680336306,-0.683925016211862,-0.4970575625277431,0.6260851074413704,-0.054190101077745696,-1.217397795793263,-1.4114448417940253,0.0
0.6390445747868216,1.217162702155498,-0.24139474035261588,-0.6808414818761657,1.3720281428497771,-1.5260451489532285,-0.422128101103098,1.3445984229496508,-0.8014467878661891,0.5543182101648092,1.0
-0.2979500141469899,-0.82326371188918,-0.6097649635876277,-1.134634417758786,0.7746744129649654,-0.239546783956634,-1.0284923421934113,0.1039119646222071,0.9993567542763473,0.33892149313126574,0.0
-0.6461881672817221,-0.4670145522440174,-0.6150946289718978,-0.9588655180423288,1.1012067080948549,-0.21953777765221644,1.5780211680487832,0.5033127020432588,0.09280240643710579,1.4933728188857767,0.0
0.0060540176008916065,0.45564086628153266,1.1514268145708215,0.5080160501493614,1.3428625574684099,1.4217590184998796,1.0614158151317339,-1.5554858882462952,-1.2226064005016246,0.5160200577681378,0.0
-1.1568745604241168,-1.367554911062945,-0.8784013095623446,-0.5800410729165567,-0.19768785447359785,-1.1735978935972862,0.4791986499277008,-0.8203822682408496,1.668700478313274,-0.9411106339118216,1.0
-1.2806784744893405,-1.4508775805991017,-0.023503772318613184,1.0056749228103947,-0.3966953758978019,1.378420345261795,-0.3137799164737713,1.5793748329348127,-0.29766585813192603,1.3879490978849753,1.0
-0.4460740906719885,-0.8540801231280359,-0.7724012985866969,-1.6283463165900856,0.8786594146953222,-1.2255268627566533,-1.040836515480543,-1.6235899465934711,-0.4723832304371842,-1.6823603230231772,0.0
-0.9314018019933591,-1.2180011194466684,-0.8568515324435544,-1.5683943353922922,0.5216638852444191,1.0964743468810556,0.28512359352542976,-0.1678889610555593,-1.72368397834922,0.15497250268755425,1.0
0.17381591495691123,-0.3291155891891975,0.3172696496597203,0.45401504495644884,-0.5250645718895796,1.1760541439435774,-1.1396269202904525,-0.24463133936409145,0.1616788500277751,-0.14092747295497532,0.0
1.3791877187458068,1.7994018790533166,1.94234135369376,0.3425402979006605,-0.08174287169117214,0.4095658307856274,1.409414848491805,-1.722162241885653,0.057888946985898734,1.070598395019043,0.0
0.09522861362029804,0.28993399653625596,0.4747043833197957,0.579610853769616,1.5387054963204463,-0.020126053838721687,1.228075161012528,-0.07846023839794247,-0.6872856984226846,-1.027095633866751,0.0
0.9815188454165859,0.2786583576069385,-0.6956178989404015,-1.3837630036900859,-1.2504653366570202,1.0494778443990613,1.45790109633108,1.5847675297835166,0.1912396327233667,-0.47351479545174724,1.0
0.5508824851196158,1.5513438256104253,1.1969415766622837,0.13899950982786757,-0.052657326336922765,-0.22270536172940958,-0.18954278582621334,-1.6297680362114206,-0.12761481935717076,0.05704953271258557,1.0
0.28777090359618374,1.1050106150729102,1.4843142927611284,0.42970588826670575,-0.28003103337165547,1.590496402382021,-1.0609465724647662,0.9328575142981884,0.6325063004536817,-1.621741008109989,1.0
1.6067975459199444,0.8895138454769252,-0.6172987312511447,-1.5605524137503526,0.16821112749381525,-0.3795888175804122,1.1484253283501396,-1.7032557869042135,0.6450905935811829,0.15658731023133093,1.0
0.1690605368027517,-0.05492446663949419,-0.3830105629200132,0.922823489897787,0.7833947739194437,1.4672357609650528,0.7703592585477861,-0.884440303200983,0.0452376203364113,-1.5455489054527587,0.0
-0.565343737159966,0.10829515923903157,-0.9754648513785588,-1.0414928388794331,-0.6488074543139515,1.282237245053025,1.074101159037354,1.160550381854997,-1.5396859650000196,1.1312277149356005,0.0
0.4083552075414652,0.2800080325772712,-0.4880961165723601,-0.8885573578555438,1.323872060534386,-1.5798560592525834,-0.8920971313233517,0.08117359332712458,1.0377589583718219,1.1366634332660457,1.0
-0.8603242562690164,-0.5164412704681646,-1.232164227633034,-0.8792607087235071,1.3928455534027635,0.38879444322194856,0.9551236587164659,-0.9601061431404604,-0.21624213992589714,-0.4990595700537958,0.0
0.5274017424518334,0.10371186714185295,0.2200570332908017,-0.30598602158754257,-0.9351226373181913,-0.016700340673747146,1.0744513341589699,-0.03453727284043738,-1.7172847782503569,-0.16410106175854136,1.0
1.4032247396070907,0.8466133910270405,0.20548474563885963,-1.0511486676324773,-0.49708257840921605,-1.0734888300534227,-0.6684132676379413,0.2418199313992952,1.105767968177983,1.5613278022692068,1.0
-1.403604949749347,-1.6847465380973985,-1.0549726134880357,0.22270537002833132,-1.5820321494926157,0.954642418148592,0.04570185937425668,0.773177659557344,0.2606123244767996,0.772899519770745,1.0
1.6950626871229968,1.459083686459753,1.4345454031656457,1.1054758319332727,-0.7483982585555441,-0.7756418797652829,-0.8036929206205675,0.6002671882808296,-0.5302381624129264,0.3666573634711526,0.0
1.2680031155702136,1.6435599427457568,-0.20503155499663683,-0.8519840680340202,-0.2909635005756004,-0.038088036447012565,1.0609966054861422,-0.6256778979930329,-0.675184646953681,-0.9343782671447378,1.0
-1.062328278036168,-1.4133458110200878,-0.605049605420542,1.0629295550994524,-1.0253327503815843,-1.2415918967198534,0.43032921045534345,-0.4634317598724249,-1.566375311753814,0.8000340894081474,0.0
0.12522461455441475,0.7913787682789636,2.45340593887748,0.7531596432381191,-1.098765473260759,1.1847304828941205,1.0534948538807838,-0.18288345969591666,1.2497859884142122,-1.4570236351424084,1.0
-1.0239080641716864,-0.6677239266869135,0.049548761508657856,0.35025915800114077,-0.12996798852995217,-1.669301790170191,1.6200631931499796,1.267924078664442,1.5778690555216277,-1.753234766389718,0.0
-0.47723967651294563,-0.8826734225921852,-0.27728468904128506,0.3971636143032294,1.175791006864186,-0.2611705978101955,-1.1128145114785024,-1.3334898696424589,-0.2556908673646191,0.8037729591671892,0.0
-0.8397969906286017,-0.28770487975845677,0.7712326781555383,1.1532937450431044,-1.2211886957380271,1.3361301963802794,-0.9340070903786813,1.01047032790512,-1.6445073838802213,1.6867665325099417,0.0
1.00885251492461,1.0655618868258778,0.9718480065818456,0.6705033078912398,-1.3319410817611892,-0.9468805144980188,0.02793997670555447,0.8012557011829521,-0.13537570040264915,-1.6323373071782288,1.0
-0.007829925728641694,0.4459600249079678,0.9407394490836077,0.4023271965428377,-0.6487984498109007,-1.4862552504219675,0.9373857880561031,1.3903863211464853,1.3987885012852967,-0.3416878705598266,1.0
0.46490949021388717,0.8714458096806037,0.6858339699633538,0.40867937318288294,-0.2145012626700191,0.6089225270804091,-1.554826560489296,0.580950528158765,0.1190295220392935,-0.535647867374684,1.0
-0.4922091627200853,-0.7346884155225961,-1.3396199666233453,-1.636844566453142,1.5898000481313974,1.6863933594934826,-0.41312159697513895,-1.6502802942433552,0.35961083144715406,-0.5213797320699756,0.0
1.8020281803309715,1.6052657919010695,2.198217318157123,1.2947604907031827,1.1827554897237689,-1.2674888475265709,0.5269665385174894,0.8370115824406482,-1.601204729177456,0.6344662911541913,0.0
-1.089209721386885,-1.211967101843943,-1.2927955495688623,-0.022624316123121147,0.06051727100689003,-0.1742441267493068,-1.2991587016958432,1.1453087596299216,-0.7130325738673591,-0.7966003662488618,0.0
2.1233228590934092,1.64274053296021,0.47753880082188643,-0.43027217545948765,0.38158383278497654,0.17705455421604252,-1.6372998051322554,-1.2682072222625085,-1.5629676076361267,-0.3445362950190163,0.0
0.4181350984434028,-0.14908355545190954,0.6052266579651377,0.38530968630964674,0.4311126015654368,0.1243672057987749,-1.3549175865609053,-0.734032085138606,1.6730296432331895,0.23384494574737302,0.0
1.0485903877474392,1.6451187222889578,3.058460528790784,1.5510106380337332,0.15805104655155655,0.5444352776503757,-0.5492806897631947,-1.0984983520835547,-1.2156639287245747,1.360391316605059,0.0
-1.0263813010320026,-1.5887215161347457,-0.8274608340526548,0.5164602729942159,0.24497451600142708,-1.1229855828856719,0.5593087127499272,-1.5476919905744206,-0.4921941374349304,1.3372927653267614,0.0
-0.2246383511455089,-1.072999604416762,-0.21910459297207227,0.9038470000046166,0.7650135816918536,0.08491047388081316,1.4909866423216906,-1.0276048987801287,0.897522829376009,0.8321811657334811,0.0
-1.5601002126862649,-1.4520701770146958,-0.34060435542756107,1.6747895382347848,-0.2845292828956727,-1.5505834202979032,-0.28454529632058717,-1.717581951315455,-0.5633127022609892,1.3530046226176344,0.0
0.36635020093001275,1.0727364748260673,1.7816379853780793,1.541750006913831,-0.5578909880112445,0.38047328189219,0.5429735435767227,0.2550975714510856,0.5665253048126855,1.0967394678218914,1.0
-0.7826203967397085,-0.25970987950280183,1.1950836475054245,0.2477749069742462,-1.6597500153236067,-0.6609945457774229,-0.9533027400800608,-1.2606724541794676,-1.8073438147886693,0.14210506785452326,0.0
-0.21013509810054853,-1.0728435263623721,-1.1914058442231596,-0.416948512470752,0.27429317793465696,-0.9347904683865842,1.6598751029766567,-0.04155678324683941,-0.3344722642039975,0.49737873549078504,0.0
1.644525413543593,1.040641424141633,-0.8532477301694523,-1.1826504299353573,0.07050726689152352,0.5697649447641785,-0.31936470941337003,-1.5207615228422193,-1.0956108928485808,-1.2536909511713554,1.0
-1.7004924225217317,-1.700765549179679,-1.0094108278799485,-0.6878089662235077,-0.4055668124034649,0.3783942421851757,-1.1623802991927015,-0.7423332364843753,0.6402091524801272,-0.5560930917594897,1.0
1.6216119545731402,0.8772126936902387,-1.0343553026989132,-1.2118850497844864,0.27231618926484863,1.1191686960986718,-1.204708467393275,-1.6597350224845895,0.945872007733975,1.2368115159903077,1.0
1.0666013950125728,0.352004037666329,0.9501611609145957,1.1897549788268764,1.5465424154756124,-1.233070635322047,-0.5798009528628826,-1.4577179952298756,0.41920163149224066,0.41811809830024416,1.0
-1.1935599066851241,-0.9682722304215269,-0.5727474510003153,-1.387997121116558,-1.4851547021703149,1.6527995595693148,-0.6536979085272968,1.3337610032344076,1.1200351028574367,1.6223112993050313,1.0
-2.079867146987328,-1.6925834573283962,-0.5443222354507563,0.9021851689447467,0.3484342550538237,-1.4289415884314398,0.7776308950732255,0.3299670131175447,-0.47334371075221054,-1.782692497809431,0.0
2.146147273532888,1.6848706021416324,2.9629517645242514,1.5055028802021915,-0.8244903113357058,-0.3618319375418701,0.34502655082972805,0.15805604168367504,0.47826416736406285,1.1225213610037883,0.0
1.0645643763039954,0.5509155129826959,-0.15703755302865458,-1.2659330784932412,-1.4463262845151579,-0.8492266787890993,0.7003152297214933,-0.804005078126483,1.1031706693260994,0.2711395963061214,1.0
1.137207705072996,1.6962362861023284,-0.8994708465113489,-1.4023172824410135,-0.8122932117033006,-0.9762482009850216,-0.03866733342716568,-1.7154148675725438,-1.6040461501094088,-0.18548475545937107,1.0
0.24624113465004277,0.15161182183395594,1.334205222690996,1.4875479011531678,-0.13037119016655785,-0.9478279883202242,-1.2627234805418903,-0.9734418122121441,1.6942772687021623,0.6520290740683524,0.0
0.4225993309962872,0.370010042441034,0.8003892594636671,0.7873097212432638,0.5327684385066672,0.5266583876050288,-1.4042652651993548,-0.8459600595093313,-0.06438519961859374,-0.7762241763873029,1.0
0.8279470444965948,1.135340783142321,0.2619129655887074,-1.040627406087869,-1.6131036880197243,-1.544266261149641,-0.9207384547704839,1.6928926023505455,0.1411745963026193,0.4693857365643117,1.0
0.4715257990153719,0.1667854101216248,1.2529335784579094,0.6986904038874587,-0.9275698602592931,0.7478780173346888,-0.7980460966594254,-1.5213888365572728,0.15618710372654643,-0.5521531214327285,1.0
-0.47393802536446544,-0.33427817098824614,-0.6319740704395199,-0.4580490663175087,-1.5265053811800193,0.08332868284289706,0.6320911110272556,1.1007995008714258,-0.5263762311462581,0.3357479060625794,0.0
0.3509474980721785,0.23966685801924037,0.09716857634434856,-0.3683572126003666,-0.4917238985936831,0.8977799818115115,-1.348603428867998,-0.6509405316534737,0.6802771896219756,1.6815269122455312,1.0
0.2418709491298726,0.9096649229991419,1.5492657752243228,1.0540110950948278,-0.8851586508902782,-0.548682379583678,1.5136399711891924,-0.7534477947946263,-1.3700031103460246,0.8631586571649643,1.0
0.6161941473382946,0.36345276315596337,-0.06166185530916718,-0.08765383653153508,0.04899851060430762,-0.07792395799392446,0.6710045715419012,1.5814528721471983,0.9507194318238734,1.6288435660047325,1.0
0.18706253956475305,0.7826033797209295,-1.086778519732817,-0.8872767174240965,0.017071544287378306,0.5947724507684246,1.5655409267143954,-1.6593408253494524,0.45434720701957915,1.7062542780723222,1.0
-0.032452239293519876,0.682934535488483,1.3140201280546808,1.7504243622161202,-1.6402512642173852,-1.25280750553392,0.48370790499376515,-1.0884153096269242,0.5623262049354297,1.194218215647271,1.0
0.06923961658001865,0.594129124041709,-0.1966253510246755,-0.47894751735818675,0.5737879519041723,1.5966254674663183,-1.518360323824571,-0.6822922104013376,-0.13685644088831472,0.026772391516941142,1.0
0.00419608845461047,0.3024262438895352,0.39074139313520034,-0.5465423206308433,0.3144592645430191,-1.2704403235302726,0.9329965930317355,-0.7287484428272877,0.7928895045575001,-0.33008006565096837,1.0
0.7180981092856142,0.5333227148519845,0.5209114916560327,0.010395196501136668,1.623778040143219,-1.1550135997773672,0.42822715922530097,-1.045379787873649,-0.100619319502962,-0.3253937220728705,1.0
2.0637440638689095,1.674254292942077,-0.15341574174818565,-1.2019050589222324,1.5171447140156038,-1.1590936401648575,0.7138049759064825,1.6508745894460892,0.5463822317059926,-1.1366554232603483,0.0
0.6888454801100796,1.6165174188220195,0.5143652178416381,0.03953176731723327,0.7910375960088493,0.8053897783925836,-1.6854158678429652,0.115026522932458,0.7719690426958329,-0.8637369403566976,1.0
-0.08540772221409838,0.24617511278722704,-0.1478379522761927,-0.20486645302040885,0.9265143464086826,-1.408700466048087,1.3074128375665046,-1.1849235727115224,1.5267104722422096,-0.28997901164718065,0.0
-0.547272699873951,-0.10818510219967907,-0.24011209889914595,0.30381493185410346,1.4831166969868337,-0.4844742697485711,0.9989775899469371,0.60700155608948,0.38232619089752673,0.7905813622249986,0.0
1.6016549741310995,1.484104199178863,-0.08280442878399313,-1.1750566323770104,0.11326464937782264,0.27892649935940494,-0.07597198938307345,0.8955508575088613,1.5201762045990463,-1.7687675341202838,0.0
0.0787873914012146,-0.5994407783917063,0.3338949640374973,1.2000591317983407,0.8428465050618263,-1.3481721964643751,-1.7664694024928593,0.01887543847030651,0.46014110441990985,-0.06367183843960701,0.0
-1.72281558628685,-1.5137840400206484,-0.2211686252017981,1.4537940212815021,-0.9746403997068998,-0.9914698131614009,-0.8387644598009137,-0.9996989432135145,1.212922553823436,1.1068295137196535,1.0
-0.8228205007233251,-0.2545853167170021,-0.8322312197391951,-0.9998640208547046,0.26551178645950135,0.0933867127633086,-1.0775248632224068,0.09364683110315283,1.6005343899555926,-0.7556238744502757,0.0
0.48484946215001157,0.5747334242827252,2.27421332402504,1.7173198070632116,-0.46674840863192985,0.6606573991737702,0.08484343396812632,-1.1559390777751672,1.3774928518005722,-0.8363842616458482,1.0
0.5815408172841247,0.37999803742163524,1.0875238564783263,1.7417450217920547,0.9852417153056497,-0.7417789452495912,-0.4956398641337348,1.014069127638847,1.2409345620110477,-1.2193617836112156,1.0
0.7585893588705059,0.0062881456917833955,-0.3226493760796893,-1.114366281930461,-0.14641121160095383,-0.5938899874573272,-1.4417290007105112,-0.9912607233207559,-1.1652547201909431,0.399859967651929,1.0
0.7004452811450734,1.652409368329591,0.5273957344484966,-1.0787994954480278,0.8026704134500745,0.6466573979128214,0.4250475691210293,-1.320258252606446,-0.6179250126731894,-1.4866094306052464,1.0
0.24028415557790603,-0.0620960531386377,-0.1909745250268609,0.12894448144033335,-0.5135037904727603,-1.5841261947047187,1.3889005893672026,-0.4498169512050476,-0.46302755186863087,0.3855858293451991,0.0
1.479179724528052,0.8223372505673282,1.2707274772488322,1.6275239013110145,-0.27960582072759244,0.6513687540150017,0.13875839669279397,-0.355801934975175,-0.8838419918908539,-0.22021412315427585,1.0
0.16105553351820925,-0.34679142884884706,-0.5290786120614677,1.0774988410078379,0.01821311517414514,1.2228155288456164,1.3896039411114767,-0.9497539660915661,0.9711576525273712,-0.8778940201240087,0.0
-1.0395839036245313,-1.5690206637694226,-0.2876818887171506,0.6698269696633817,0.07412207461622866,0.2768564641554528,-1.4437910319266545,-0.18419811714660256,1.3463362710815776,0.257830940824512,0.0
1.3801992245976595,0.9313727790638625,1.667085697378827,1.774507405829686,0.9596869356476319,1.3324713666360293,1.538559433343722,1.157276744732741,1.2865523744731575,-1.1908635320146015,1.0
-0.22109457891280682,-0.09940971364164507,-1.9233979160144248,-1.6201982418450034,-0.06325662692799008,0.6507324357986103,-0.5347084022022389,-1.370471363820315,-1.1764963418780636,-1.0854908365309828,0.0
1.4245273930172244,0.9098880345768916,1.2747654966764488,0.8425373398494218,1.087317762389248,0.26855531283249895,0.2795728175976452,0.4087223981161683,0.04276638452587481,-0.20944173602673957,1.0
-1.607774054269623,-1.0567534797553373,-0.6819480626075154,1.1379850893856258,0.07014408526847676,0.13948776744079014,-1.5268945917885224,-1.3498290407437916,-1.1079470618947003,0.7295048186578414,0.0
0.3146803609566454,0.4321571220979534,0.3751596006263541,-0.3246813708859967,-0.0967763897845625,-0.16295548141040267,1.255060656384591,0.3034827685383161,1.446483352428651,1.072917554800006,1.0
-0.37962686055830225,-0.6652096693107489,-1.0757209898234958,-1.4028925701348276,-0.5099970367846641,0.1799369956962679,1.5358630849072803,-1.5685774352342898,0.7279580337607358,0.36575391166692056,0.0
0.6929405280345431,0.6284192724910875,2.2553098703418413,1.6011777259350006,-0.396264160251705,0.8629545659685111,0.2571075827954687,-1.1854898559056535,-0.6310725874854405,0.14631917527359847,1.0
-0.32200604451488635,-0.6611916599105591,0.15161380459312193,0.6590355730277655,-0.44271538998948806,-1.3368445316122017,-1.5004913876186892,1.0489275600888828,-0.10516959499539924,-0.5115618222638538,0.0
1.6787635359533328,1.570788549886493,0.6166023469869422,0.040926464787106175,1.6330686862909112,1.7360071708655394,-1.499371827729866,0.3535868252147995,1.6556749645410573,1.047367777696273,0.0
-0.5089265230352235,0.14021712336314882,-0.1845042892393491,-0.47422015326554,-0.9212056776030935,1.1030236221082528,0.9699330648597729,-0.7630666050921103,0.1885392823376833,1.0259500669839883,0.0
0.25966784932052894,1.0183082553590044,0.5032656669174606,-0.7463942639608663,0.4216528708604584,-1.0809955841062278,0.3039990330808703,-0.276183118180553,1.1091116402746686,0.11200301421783854,1.0
-0.8955208580121634,-1.4175719244927973,-1.1593698228970228,-1.240989604589797,-1.2764613369645246,-0.10267133390970873,-0.16589295861262787,1.4442402531084868,-0.11827614929419603,1.5048505587508363,1.0
1.1643983030312528,1.7493628546157938,2.3129536982214596,1.739193745932531,1.3955368993145976,-1.2954938525501696,-0.09245823410874657,1.436951608109821,-0.6197959482868345,1.6198370619718467,0.0
-0.8780971444513201,-0.6261181196881853,-1.0018600517104186,-0.0680170164158999,1.6632607850200634,-0.795051586365898,-0.6025303197567922,0.19799401437505992,1.613067657566358,0.9310225950177354,0.0
-0.31550579375377247,-0.13544873670046875,-0.04166985724112004,-0.2848224379575414,0.06042822647672154,0.12742773633956261,-1.418084175998663,-1.2991456943687185,0.046510256753821186,-1.371040636188153,0.0
0.2537618957661415,-0.4478459660641778,-0.898342282112352,-1.6717019981965937,-0.710888500347152,-1.4125744033654881,0.40277643138626273,-1.7030766973428189,1.5639671034619498,-0.004532263524712363,0.0
-0.6269605515933909,0.17620412040384256,0.21627214045267626,0.6985113143271235,-1.326207214318542,-0.21299250442638012,-0.47665036753868223,1.6499311176226517,-1.55490257449089,-0.19278240491681042,0.0
-1.8709456658139365,-1.611224769976645,0.18944472396800924,-0.685049586293874,-0.5178569674476267,-0.29541072095415694,1.4169206020985536,0.9333197454566489,1.465537881178314,-1.608735504230464,1.0
1.445340801757174,0.9596619264220213,1.885035694933699,1.1765453728765665,-1.6020841772862888,-1.5297079806988394,-1.216004116316254,0.95460438975337,1.3399410729840275,-1.8036759913754958,1.0
-0.5084622908737401,-1.1731867078298108,-0.9535258796221713,-1.1012257105034087,-1.1430566227667018,1.5217630295080178,0.7970986308343705,-0.14563383142613984,0.08986093547233764,1.6828395686875603,1.0
0.17886343921269388,-0.6242251730285343,0.1253776838175039,-0.40114460914642464,1.6530376725564495,1.7150436872365347,-0.12123262410209279,1.2874478423575049,1.6025413936138664,-0.2916468457088137,0.0
-1.2939621176100593,-1.4485954393038243,-0.9811556973905222,-0.22390797543548852,0.22684845136027487,-1.0836939335238494,-0.4554497651757126,0.9567964860048562,0.10768184731738867,0.23087245924640615,0.0
-0.6142531966731343,-0.5471916486840094,0.5316128434394294,1.3545403858430003,1.0128835386707629,-1.0228725173404478,-1.4221692189173987,-0.2559730112522005,-0.6459130088529254,1.2459420820649707,0.0
-1.6650006731759175,-1.0184012998904284,0.1734667333190896,1.6123753257074667,-1.0275458571313898,1.6395369270591214,1.0254938506560347,-0.6390365785726053,-0.8577569473352638,1.3621592007003833,0.0
1.2842792552318731,0.5799160160887469,-0.14177992263441383,0.23377990825933792,0.8826233970383285,0.23561784113152728,-0.15684243246937996,-1.530600443215161,0.5493257036714171,1.6751807386084954,1.0
-1.069251740444496,-0.8148475029563125,-0.45943778444038413,0.1783151710732948,-0.6576698863165638,-0.6453277109496378,-0.6240240687215717,0.9921521671253573,1.047690925129391,-0.692004059026687,0.0
0.7529725499166975,-0.10520961416278554,0.7674127678050326,1.4684423467165157,-0.9229145321820572,0.5561191206236739,0.4704572783918222,-0.07679640632755384,1.1335878803025896,0.7224272792745228,0.0
1.1241271635229264,1.7548656065333845,2.1616290202215565,1.3751286817791872,1.4684923835320827,-1.5496339454750172,-1.157781999595712,-1.4262362514374232,1.2724873408599908,-1.3709295806507558,0.0
-1.6348876137010817,-1.2651947208926224,-0.8899901051594915,1.6490366595586523,1.2996319383217774,0.18221513497098957,0.4465613280927582,0.04165282927876557,0.3770015281510995,1.516430349650261,0.0
-0.2869124943075858,-0.5595248164818528,-0.15175891316242415,1.0038620161996274,-0.322488265756263,-1.0280591111042408,-0.5014597746549898,1.5805144028254756,1.6935108854507976,0.5349655321479118,0.0
-1.2747425059245123,-1.3369806209084631,-0.7404613252945172,-1.4749936269256387,0.2698369494248765,-0.8873107242402547,-0.2952776635479385,1.251999114705106,-1.702708488969504,-1.5190446510276112,1.0
-1.6012097714862354,-1.2787364931116385,-1.0362752628777032,0.22356079781652455,0.14520262119848062,-0.8170525888477292,0.242609332260226,-1.1206414256745596,0.11722561994763465,1.1428025033333404,0.0
0.15653027044409532,0.22612708680092158,0.5992686783587309,0.3578449515567909,0.8418029832082787,-1.477063653796202,-0.3086483501915782,-0.7173917634340338,-1.645872066327821,-0.8513957687008826,0.0
0.7802912119195011,0.6814798079815418,0.11823211029123057,0.14018510272729323,0.6087884552624231,1.6404743958779242,-1.6115779416990519,0.6549795495371145,0.5396228514889949,0.5231466216679651,1.0
0.01584091200526537,-0.5504832948310773,-0.7763712839902607,0.49901654961743397,-1.5163402977360658,0.1521200847366338,-1.664449382561304,-0.3544682680179723,1.1601991880307876,0.05857829722738778,0.0
-1.0058410288870636,-1.4664043455098448,-1.3094949009728147,-1.4412177360465575,-0.5982541731863841,0.7691226415593003,-1.2254708506040513,-0.10692247215525791,0.26586495119959985,-1.1745743860293298,1.0
-0.42629019679015584,0.23491948386488268,-0.6493637670875395,-1.6205113984505055,-0.45320863754462437,0.319015547492397,-0.6290916029815264,0.25594199374056725,0.483863967700732,-1.6950876878090404,0.0
-1.1849175846788902,-0.761835991982942,-1.4666234815246515,-0.609981045503319,-0.7638219717811334,-0.20062732072138004,-1.3939831231283668,-0.2009975184057098,1.5842402416113022,0.6795628433401829,0.0
-1.5346544873349626,-1.6513448339576238,-1.6523943862028045,-0.7671506439536806,-1.4182402389995414,-0.8431336317170507,1.4540541724950433,-1.207307766885187,0.26820111946583575,1.3849676068809762,1.0
-1.6155309334678554,-1.10654738160744,-1.0828075338288994,-1.3232097217897147,1.4569926326359408,-0.20083842629317022,0.15355379583123638,-0.1645072698962607,0.5332916854124463,1.2132937550708438,0.0
1.8683393423973265,1.1539741016356313,-0.7516299107431014,-1.7156259639945568,1.5210206523287806,0.25146376552021504,-1.0122222055427925,1.0769365671908249,1.6945424012891228,0.6149245185736174,0.0
-0.16591498371857025,-0.21851627864771878,-0.1630245471453193,0.04195898113496044,-0.12667334091371804,-0.08769684531736818,1.0713287725745042,1.4748145430898494,-1.1886164028533022,-0.7737099190406419,0.0
-0.31881044640329675,-0.7449755601074446,-0.1155397998573809,-0.5186613777377671,0.8027364464724467,1.1602862585814284,-0.7603612505714776,0.582338222134489,-0.8915568499212372,0.7348885109707674,0.0
-0.5193437326588525,0.32224915729739373,-0.5275078265061262,-1.1897930018416862,-0.954506330885431,-0.7691626395619022,1.3562702710346923,-0.2592256378672537,-0.3807093863692337,1.5143182934390387,0.0
-1.627697017699831,-1.5344863932349728,-0.974432335013519,1.6527895363229947,1.530340312986303,-0.1300200107101115,-1.1716809504228178,0.1889324827686199,-1.4877629994698933,-0.3667454014977988,0.0
-0.5440761012620133,-0.835898030291968,-0.6677449595860963,-0.13687945361562165,-0.6210665814152802,-0.5965122988490907,-1.7303373329441907,-1.6605444272620664,-1.6433377989966111,1.0117119466893874,0.0
0.09966783366448187,0.4738809881378224,1.0592297064751048,0.3705753178456452,-1.0044172907953786,-1.4578290347551286,0.4186853874114435,-0.19783693782221154,1.1865443626716974,0.24400602716905584,1.0
-1.584891610809959,-1.1765613955058167,-0.7088575201211875,-1.0551586729834461,1.6903993567146736,1.262234241750649,0.6024632942375142,-0.7514808111203123,0.06827914289376166,-1.0390496118921808,1.0
0.9492767212011546,0.7537209356560196,-0.23839223879110005,-0.7754618002537051,-0.7969945610200826,0.4541721379547936,1.0070716377579998,0.2120000186765454,1.0214918235363915,-1.63516572163068,1.0
-0.971486848436953,-1.6054919029788643,-0.5627984754829166,0.09526163709259941,0.17083343888226038,-0.8053877553808956,-1.536782536722606,0.2745733111276851,-0.47847527693530434,-0.8546804113069661,1.0
-0.8071796787826613,-0.5629185136644833,-0.19364486047094148,0.6245453249080176,1.6845704417398237,0.039626827981305936,1.4462162527729334,-0.8668895261842919,0.962544345202307,0.753427782213755,0.0
1.9308446011397968,1.1939220795566414,-0.7139950894375433,-1.2168535344583666,1.49304566235079,1.5579001012970703,-1.5634758859932067,0.6326283718747682,1.5672797600484625,-1.4234088248228243,0.0
-0.8905893917967517,-1.4754898891759614,-0.9157860057794724,0.3410145348866317,-0.5578889870105666,0.8772517158305104,-0.8252927226221791,1.1349205645686797,0.7699490325332932,0.9735948848536969,0.0
-1.040731477523715,-0.851013589559415,-0.4436698988657458,-1.5911947375737365,-1.077548863072523,0.4245853418932787,1.1218180221094216,1.0051326585752802,-1.3725033606660775,-0.7854738020020585,1.0
0.556818453684444,-0.27692348800137384,0.9779560612413105,1.7650666846491117,-0.7457909546721836,0.1613226868661419,-1.002908547808159,1.5313177999600822,0.46225716261395217,-1.2581431776706158,0.0
-1.5356259731728943,-1.1022812481207847,-0.9137860055723848,-1.261092657862506,0.8748595144079073,-0.18885943571950192,1.1468885598164198,-0.5924192655914342,1.5839601015194196,-0.7409305265023796,1.0
0.8235358384621557,0.12245223917246914,0.7492937063991507,1.312665444735353,-0.9627264416704234,-1.2440031025398266,1.020531368932565,1.1690016082522143,-0.06423412406904272,-1.2226084072044965,1.0
-1.8658030940250916,-1.1752427360462923,-0.7906904450527115,-0.4996858883449339,-0.0759559777305592,1.5021762343471807,0.2971195926916405,-1.5098540681029669,-1.139286734173747,-1.6658600714668172,1.0
0.5299970403546085,1.2887174865908,-1.1023693167448467,-1.6723453199133285,-1.6593027916720864,1.5400321657207616,-0.44482845348693084,0.7748835126421381,1.5869736085078145,0.1299199742512666,1.0
1.3973788160735847,1.6120842017771386,0.42353779473016506,-0.03603902464252995,-1.0251126403070105,-1.152005095254272,-0.35443424759302133,-1.592901599573008,-0.6426563802847892,-0.9452376978015854,0.0
1.7333018104244857,1.2398500480615497,-0.42717364903359883,-0.6138519813074353,0.17550977746661459,1.089565892031713,1.361470871840861,0.36249027776704745,-1.2783062547705266,1.4955128891064324,0.0
-0.3643422167415349,-1.3162972772007633,-0.44429221008576014,1.6038340543299165,-0.10826813667799268,1.25113569147639,-1.2778860633078557,-1.637714009935429,0.7358199653393576,-1.2842252209535863,0.0
0.20891046566455984,-0.04289144894624658,0.6626693852736583,1.4872977760689008,-1.511253754012733,-0.32710357023187264,-0.12388795202428823,-1.2838440421230637,1.3809685899405737,-0.8003702515183478,0.0
0.6524542809513915,0.9487214551095026,-0.8992237229239799,-1.4389706122895025,-0.394561308674775,0.4682351707371774,-0.8728755186476852,0.7637039218095929,1.6674688624093184,0.7789115262952518,1.0
-0.5243682454066305,-0.46016712785783737,-0.6772136949337091,-0.9182832233701734,-0.0509314632521964,-1.032064113966213,0.49741876175554595,1.2112937582506496,1.6291697098476432,-0.40924065280781796,0.0
1.6708795932109013,1.0496909497951978,-1.1742592691610945,-1.5151767219633039,0.36068538170453346,-0.8908344864385725,1.240052150672137,-1.3542262397512228,-1.0064242925964173,-0.5366633752166501,1.0
-0.5318129684962793,-1.3349015811839624,-1.061480868288989,0.062051028903961594,-0.5755888385073167,-0.7026863954554761,0.5906443836328064,-0.7149775561064043,-0.6491496274144984,-0.13261131415455907,0.0
0.5668724816817403,0.8862101933256735,1.6696879987988544,1.3962942664098625,-0.07426713315837481,1.3536009333215135,-0.09417009020327423,1.1749956058070539,-1.7799471143028716,-0.3865423016642853,1.0
-0.5246343784992049,-0.804753454938754,-0.15326266519406637,1.3960841613390782,0.6524412855521019,-0.9097169293598824,-0.0914267182505011,0.057003506041226566,-0.9348434966187519,-0.25390797300047624,0.0
0.9390746191523507,0.7027294348865792,0.9847294486359998,0.08948774964737953,-1.3352617423862367,-1.3554448334375644,0.00269535193809578,-0.9341301527354695,-0.3788584607621517,0.5702601825331721,1.0
-0.13047025788911315,-0.20819711805171348,0.0262461077701489,1.629853066095709,0.22989597539278303,-0.9897329445707479,1.5283943498133883,-0.5038759857373616,-0.963166660408419,-0.7137949563646402,0.0
0.002752366452411395,-0.5236188599693999,-0.5603352436120562,0.5361601246310864,0.6823462406839692,-1.03356386397623,-1.6481622374047784,-1.2262102198652547,-0.6374937985915228,-1.330921573178301,0.0
-1.3102632697804193,-0.8686934312204592,-0.8935628919226282,-0.4630015429859957,1.6576879981319905,0.6497539464658577,-0.8320270904610253,1.0638270111966566,0.3891195881256817,-0.2656168284433626,0.0
-0.327092588284242,-1.1265753975867725,-0.7465453679454928,1.3500901603437214,-0.13010005457469648,0.5284422797116731,-1.243126680235921,1.6726664874167052,-0.5049365096142797,-0.366754406000831,0.0
0.8368144790811344,1.355915092007719,1.4427985305834878,0.72571992099369,-1.1411006446040122,-0.19472737021499717,-1.2569195780261948,0.5665553292238573,-0.9751106333259026,-0.5015328068866434,1.0
2.1134979456758103,1.650580453692254,-0.6372086882901866,-1.5859221007973878,0.5044302669056298,-0.46128867486389824,-0.8377719634562198,0.5007134021521766,1.4827014643077687,-0.743473798358811,0.0
-0.6255268345946722,-0.053566787666372295,1.1033927925886904,1.2963102657253012,-1.4938810661268267,0.17735570481845414,0.7353247378802963,1.577373832248837,0.9669245356389583,1.6444163537487748,0.0
-0.5923562460562742,-0.5111546266258831,-0.20121064414577747,-1.134987594377771,0.9028575158936943,-0.5999650255232517,-0.7886093773820526,-0.2030425411067768,0.7030465760900685,0.03981991641061634,0.0
0.5789395163792614,1.1553357826101476,-2.1614279556684717,-1.6133428135354126,0.9319370582459099,-0.9293287370292255,0.6156268773092268,-0.8152136834689748,0.2059499890481918,-1.7229676301974426,1.0
1.60389309340963,1.1737710020344247,1.2567364803024017,0.5023412122375112,-0.8467584473802012,1.1701181754249461,-0.9397239493641466,-1.605138719268091,0.569790937883775,-0.13041621641537315,1.0
1.2107604886583512,0.5891576378092531,1.1904813458783092,0.565722908590774,-0.8881271353960076,-1.3931296792529648,-0.3691526082047083,-1.0953337694986844,0.8328594926671895,-0.8614237835777561,1.0
0.4193647133711247,-0.43819113769967794,-0.047310678235397384,0.722898510043158,-0.3231525979813403,1.458345314941699,-1.297438841598536,0.33513859939044843,0.9422261845381875,-0.24569886773610966,0.0
1.13778299277311,0.7791316435111043,0.8117739529886551,-0.3132586585376904,-0.03415507356831715,0.030739383458972737,0.8666514139900535,-0.5359570292352637,-1.491156696582986,-0.5106173499458084,1.0
0.6670835970402028,0.2807944258513123,-1.0983513073243043,-1.367583912739358,0.19176690747456748,-1.484419332297631,1.4717950446564485,0.5050945931541201,-1.2925943999568714,-0.797100616417318,1.0
0.713934026837137,1.1626394351553135,0.08270834473202321,-0.31089347574086146,-0.22924063366375172,-1.2146904435715369,1.0181781921153064,1.6775489290904855,-1.1100541155857893,0.675287705400556,1.0
0.803048592835662,1.2837640093646199,-0.6328455062476106,-1.319818025647054,0.9351806803448565,-0.22332967394171802,0.7244092790893573,-0.9222712221700358,0.8660020665375668,-1.5020341442994256,1.0
0.7530896084574162,0.3592626676958053,0.18816008151383187,-1.2731847049363108,-1.2882802474687987,1.6775499369861198,-0.46631319794858306,-0.6673037147630382,-1.2470966475341396,-1.0527574670082183,1.0
0.6623952524093609,0.0007093557476952024,-0.3221571299056587,-1.5475609168735236,1.0480481240846047,1.69529881302194,-0.7900991223994411,-0.5389185102505075,1.3577079578113582,0.12285544137232783,1.0
0.05708153635082728,-0.6590055666487526,-0.02835820003486605,0.24444123985113536,-0.5684652760938376,-0.4720380505194141,1.46352090678284,1.4396149400228544,1.429094656725362,-1.7946324688301443,0.0
-0.5108164681926414,-0.838520341705787,-0.3338709880470207,0.5828544758623907,-0.8609005196715678,-1.3561822021883196,-1.1587394784282443,1.4234578599839454,0.38391698641928906,0.6219020079232449,0.0
0.4627544124642428,0.30642524378310054,-0.9899611010036181,-1.421107679271489,0.769007579045029,-0.8038599913613524,-0.0830205143310263,-1.5824553754918729,1.3761891998729898,-0.7795918605213502,1.0
0.5710505711350897,0.038209109315552006,0.726871492971916,0.6181281157460629,-1.653854066826046,-1.07562089627847,0.26669937962669993,-1.557206748836234,1.2763762856355192,-1.3520201242831107,1.0
0.6080670830112932,-0.20419411615675348,-0.20272240018024945,-0.9757449592290045,-1.5823032850844772,-1.0524983329152318,1.5708275705504466,-0.6268474828939856,1.0383132355536184,1.506441354286527,1.0
-1.3660521696866026,-1.4691457164651536,-0.8593017578098163,0.770586358109171,-0.2468424361272827,-0.4115828174605395,0.534027069469612,-0.2632256382385187,-0.4915077942098178,-1.7166584750728728,0.0
1.7054688912427975,1.6212177694599903,2.1747775958701543,0.13380091007646183,0.9489285555026681,-0.29196199628135694,-1.1418440290604543,-0.7025813568567861,0.7298729913888196,1.5466304523199632,0.0
0.1918139157175205,0.5936198693642448,0.8055038172718874,1.250206209692867,1.6821562344218848,0.921606897414277,-0.9524253012753263,0.35312559455668213,-1.6176539550726101,0.44400904601886443,1.0
-0.13364884749478637,-0.7600300888536238,-0.41044028061762006,0.3961230939526786,1.4591447088650693,-0.8162081665605685,0.44513661559795553,-0.9864173011603522,0.6616158575012765,0.8585693621195469,0.0
-0.7445433544945995,-0.015620810943016325,-0.18355381390331443,-0.7023672466281854,0.5973157178754334,1.4126464614009928,-1.1154508298940957,-1.020893542479367,0.04122161201920747,0.5398209602829479,0.0
-0.9902232184544042,-0.24323964276327892,-0.855487850461433,-0.12206704612532875,0.41635422106526376,-0.7298039566772838,-1.31244734731099,-1.425415841156173,-1.114055116398071,-0.35116460975106123,0.0
-0.21154780459195885,-0.007741870697375272,-0.6480020861061255,-1.6676509723318051,0.28579793133249376,-0.9622031772087621,-0.9621761776618059,-0.9111416563546401,0.9347744580941082,1.6461702308393822,0.0
0.47509358325642653,1.0876119140098375,1.7653968631361308,0.3782111364181488,-0.7642151684143493,0.18939872741389763,0.4692966979887526,0.6262431786858204,0.5566673750793997,1.6765334150640012,1.0
-0.3404702784376749,-0.3623312002641229,0.8087064189041474,1.336947587915995,-1.2222372200932696,-0.3375187787737491,-0.94350884217864,-0.2072296350421805,0.6807584302798169,1.1785373738668423,0.0
1.0130306043779593,0.4705723334848275,0.6650035525988888,0.7951686513909336,0.7844092812631611,-0.9444182831606933,0.30722264520043086,0.4337619202001226,-1.403704963899839,0.414623350623409,1.0
-1.0266644426304934,-0.708878508028399,-0.08128166724563021,0.43059933506770753,0.8341951786307372,-1.5167444977903772,-0.0566883456858636,-1.7216509862103864,0.16345874011155828,-1.421766003269614,0.0
0.0021150477307199118,-0.45470539645454155,-0.30516363139771246,0.9169525539198715,1.2552207287751578,0.1497418954278883,-0.2391896140685578,0.31812108905656983,0.9708354914217062,-0.018571284252267794,0.0
-0.8161381588988709,-0.8772367036976056,-0.4810635995860572,0.5073657249302671,-1.4350506456949457,-1.5743853233921625,0.15167485617868062,0.5188474708688297,-0.850105120825554,0.03757679465525864,0.0
0.6481441254521026,0.2939870234486485,-0.33741075829848455,-1.2359120653791764,-0.36452628849884144,-0.4470395490182302,-1.1187084590254706,-0.9935738801137435,-1.1934228064297465,1.1192047023869234,1.0
-0.3758879907577354,-1.23238531295925,-0.41958185234956613,0.0781080588135672,-0.21337069728698094,-0.6695988487034688,-0.2712266356950161,-0.22352478412842194,0.9783902693995851,1.6684543748434333,0.0
0.33832018317976376,0.6478429862598336,-0.5441251368810733,-1.2827624946630634,-1.473157702605704,1.6788846044399972,0.7006784113476263,0.41935571576144204,0.32764084396137144,-1.5319641118781615,1.0
0.6186663836982627,0.8648244983732194,-0.6426053871981561,-0.8660100822593776,-0.14157879496372,-0.594318201602949,-1.3073107785270597,1.041720956118342,-1.3753697941062342,0.41267637696777737,1.0
0.544308197332748,0.20240022103261968,0.005400682900377999,-0.7383612467545466,0.2031425963286769,0.3003342051394751,-0.42138372884457753,0.4845693286177264,0.9338830123017244,0.36195701288833787,1.0
0.11301951080886624,-0.5233587298787503,-0.9892457432507079,-1.4386894716947864,1.2848665543192315,1.5420341669015778,-0.8026243862494655,1.614227262382791,1.4722502378798887,-1.1944843427338876,0.0
-1.4139221093381737,-0.9666504193563606,-0.8451957033227081,-0.8070525983966297,0.6035768489967189,0.9463052488133896,-1.0708855429165707,-0.8056258886821233,0.21115058975392814,0.5657749395227936,1.0
-0.9248405207110157,-0.9672447165634604,-0.16191599275339677,0.8651686574739017,0.4921621317491575,0.5750245750528091,-1.16806814366809,1.6834028565973067,-0.7301271224741714,-0.028831415207304922,0.0
-0.7388545095157333,-0.25890847872353095,-0.4704993163511203,0.4140910795060842,0.5948985090564775,0.10668236178472994,1.5019631316338258,-1.6581182139303212,0.8266754001388794,1.570604441393059,0.0
0.8398650046422604,0.3623902317856941,-0.0544342407538888,1.1219000454665824,0.6889415389184713,-0.6791026014353885,-0.806977563261324,0.12630216179792988,-0.09124963392981453,-1.1613737845841072,1.0
-1.6057610475693982,-1.244219231083116,-0.5772737146005478,-0.6299450292291755,-0.6902861973670447,-0.9721641585961707,0.3899390114278265,1.3785443990868822,-0.43522164674861863,0.007553780545189978,1.0
-0.7635128410931403,-0.05488444662554808,1.0576229029070292,1.4302292368425376,-1.0631896822075997,0.5249525345249233,0.44029319341583495,1.534291286979442,1.1399480608886545,-0.1562171191036713,0.0
0.48552079788353586,-0.14008905731752058,0.24827814676820165,1.078734458924117,-0.017131560300711862,0.17924064745946233,-1.2731086741486684,-1.150827521522843,0.5397999400470779,1.0185743785002697,0.0
0.1882211189677652,0.3278269467411333,1.4039150848364863,1.2058010032327742,-0.3450475473993993,-0.4718269449476239,-0.6881261259842174,-1.285220730595015,-0.9736739148546758,-1.6014328522713404,0.0
-1.5314889042338138,-0.8998990370949411,0.288276149909248,1.633395837789267,-1.076592384748466,-0.9931956762483113,0.6773597497490547,-0.17799401451973554,-1.2000711311103194,-0.2778289355557159,0.0
-1.8927055478831172,-1.5609236144477754,-0.6531136424132847,1.5840831771758555,0.309317693301043,-1.3639560898319683,-0.418540306857057,-0.1815738047469457,0.6055178041017699,0.7663002195484704,0.0
1.3803963231662204,1.4707305110184206,1.5657690285589458,0.6431966521916407,-0.849927031953725,-1.2613227639296847,-1.3294488497156123,0.6603072138635243,-1.1882292092263071,-0.652546326739534,0.0
-0.23424815698828236,-0.8412457046555174,-1.2695989488678479,-1.6572457688262971,0.0007994067743408498,0.7230726123991709,-0.979976079343712,-1.4235108885031242,-1.426277251803286,0.4665533201105126,0.0
-1.0431767003742867,-1.4331997399387546,-0.825335771301352,-0.9500170930612988,-0.860005071868188,0.09129566705221139,-1.1254218163570195,0.2973326929299704,1.6113638055075146,0.10624013227722284,1.0
-1.7737420545016351,-1.5084213581518693,-1.3339121121053685,0.10441321367576113,-1.4915078793227856,-0.9730415973945592,-0.9896429137010039,0.8535408486071488,-0.8735438420131809,1.6058050447466496,0.0
0.6716048581129247,1.0319430741104454,2.8974710173739386,1.7593048032079364,0.1397178783402372,1.2618290391128526,-0.2330085229218647,-0.14413107991097224,1.2593927925651318,0.5310055518144123,1.0
0.6733007062028259,-0.03767484012837071,0.22661331210873348,1.369554894401381,0.5231136102355892,-1.3599951089849664,-0.5184852890679513,1.5920401667766948,-0.8987734587882007,-0.8685153299657914,0.0
0.16850125710820615,0.05003702443732579,0.4019259865894441,0.4129615146255343,0.2164542533386968,-0.39588196562118627,1.3799321042524475,-1.6975449309464394,-0.20075039284478496,-0.7360060638440965,0.0
0.11549374816953036,0.5801831496818372,-1.2514058504357906,-1.22810316024836,1.6745634373494278,-0.1303101558087805,0.5078649858835198,1.4287655143034952,0.08493547235684326,-1.4128585487700827,1.0
-0.10869937031610424,-0.3328904770046647,-0.7457379641600402,-1.1003302627017326,-0.6789255160180198,1.3875669193722497,1.0451276694748606,0.23792098156267197,-0.12375889109247132,0.9395198443791329,0.0
-0.41881145668867414,-0.9603822846720507,-0.635784976286842,-0.08530766324111044,-0.45756881802186355,1.524993645106646,-0.6818749998132011,-1.6534168628186219,-0.5680690808210259,-1.1582522235329402,0.0
0.850507326844195,0.33002804750816955,-0.9138080165801666,-1.159852028754587,-0.9804433016729361,0.6858059757259899,-0.05723161737454187,1.5977870407468164,-0.3977589124612792,-0.2125462885721789,1.0
-1.1401001715891412,-1.6192497832731896,-0.77417418521349,-0.3386243435833774,-0.2048094158863992,0.7766694156257148,1.042343277007841,-1.6846414780229264,0.06045723132826601,-1.461017632487363,1.0
-1.651363853432346,-0.9248004902725614,-1.0284433461087776,-0.9685733728129005,1.3330156331322496,-1.0407384519160758,1.5010826913280488,-1.4074448539954272,1.1653497637201164,0.7831936677372371,0.0
-0.03846524638514596,-0.2523592034412495,0.3446023188230163,0.7707874586769217,-0.5854267583404266,-0.4682551587329747,-1.5281802347350266,1.4038180382510956,-0.38862234346459124,0.8059270363925617,0.0
-0.8678370133823309,-0.4297509167584426,-1.3709346271944496,-0.4750525695459807,-0.809435782735197,1.4778170525634087,-0.7006754018425811,-1.2520691517301161,-0.7297129153383163,0.5852676875868588,0.0
-1.864874629702125,-1.3404403511141045,-0.947106669352699,-1.5546864802741225,0.10578090684231353,-0.5922161503881093,-1.5974548787941119,-0.93277747627175,1.1071716701383811,0.4351616215395477,1.0
0.09333866846288012,0.21965184854444045,0.17196498228815482,0.2529685042239666,1.4831567170003925,0.9412747331026734,0.2262811665894537,0.12061531784838755,-0.8169015164351595,-0.8889515498475651,0.0
0.40977191603426766,0.08510256065691026,1.4541011830794706,1.3349956117583752,1.1443812992225053,1.2087554975642532,-0.1436208203775138,1.6235029010626305,-1.455762996974266,0.78958286288876,0.0
1.4732777729750568,1.3108485543030006,-0.2527414148641624,-0.4312076432746462,1.5417990433685471,1.5331077028659752,-1.4549656203075894,-1.3929916260406263,-0.5286603733954299,-1.6482292545297461,0.0
0.7330695964934499,1.2935769167842068,0.45572489160971386,-0.4835288084016215,-1.481807028036115,-0.5735758285491371,0.8188004838714246,0.06564382700326876,0.8077919569453305,-0.001488741499824703,1.0
-0.07463133296552858,0.0167813933484543,1.3667154811847966,1.5114918752198812,-0.006294140628969257,-1.3511666939827072,-0.18100151435982959,-0.8736519080025461,0.45091148889270366,-0.7730365823138998,0.0
-1.0249075640193628,-0.8520731194286384,0.312832430590969,0.4284832768548085,-0.8749595504347997,0.509154634152567,1.6337970614197523,1.5386564699758973,1.6038510485434179,0.8894608105220556,0.0
1.0157549668256296,1.0026184088914307,-1.4776169794113345,-1.6038780803467487,-1.5695979312798742,-0.9507624558181419,-0.3865663167524896,1.5378800817097389,-0.7026763949706533,0.3672586641736369,1.0
-0.9082402189365963,-0.49813611608921243,-0.6269645651684402,-0.5883062062010761,-1.2351146599561758,-0.5126683693364749,0.26386596264265416,0.8615588583558526,1.3651816952626568,0.4829255076237478,0.0
-1.004796506523726,-0.5240250631109531,0.10135667082502342,0.723574848271016,1.0210226089282983,1.6931347307860054,-0.1805813042138906,-0.5320120563828631,-0.085935976686997,0.13595099028217483,0.0
0.5446143504392436,0.38327467606347326,-0.0061570971858035915,0.8440581003617653,-1.2164573296350294,1.1648125221206649,-0.06845523027250285,-1.5439341112861587,0.6323542244038025,0.3775067891246311,1.0
0.03458528602550075,0.8052066835976943,2.0679281600941977,1.3581281800517262,1.2478370362735458,1.218230235786306,-0.30841523361061685,-1.5285174015010603,-0.8222651986943846,-1.6227705229566718,1.0
1.3233047718069093,1.1952307340126795,0.4821771204617356,-0.46753380951291407,1.3248995743825103,-0.2751685980704639,0.02962882129209023,0.23758281244674212,0.2099039663450502,-1.6431297043125035,1.0
1.1334798407762576,1.2723623073913721,-0.0791886205056465,-1.2265994082417468,1.4579140934481338,-0.5333066903549021,0.313496782879439,1.3495418951443534,1.4365753976789575,-0.7944562940268584,1.0
-0.6422812134226871,-0.6801671495231086,-0.5470415954121692,0.4534517632666795,-0.21759280871744197,-0.9213427433134466,-0.8903862757291715,0.46071439893986954,1.5302222283940248,0.888084122058464,0.0
0.8574237857500869,1.43253540970825,1.7301122171614627,0.31455330197185516,0.5597889511612788,0.8686344064000415,1.121448837481204,-0.3634857776093209,-0.7598759992314557,-0.6892476805984934,1.0
-0.9496179118298376,-1.3646254460420895,-0.6709855802317977,0.15023112661179383,-0.27319061255410526,1.2074668531260269,-1.2546064212228354,0.43845226580804914,0.9366423922067688,1.3005063689391645,0.0
-0.3048214505372209,0.05020310749520216,1.1256479224568536,1.2553657899311268,1.2504133246463982,-0.6780570785798399,-1.6521562347918937,-1.1465083615421647,-1.2232537242139392,0.12706254528904465,0.0
-1.4801912503899115,-1.3111146853947415,-0.41912462368791575,1.2049835944573897,-1.3146874534156205,0.9165663767001585,-1.6761342261194505,1.2158950593280502,-1.610572413749947,-0.2750195306096658,0.0
-0.10842423272039756,0.3548884801714951,-0.9965573998356988,-1.637843065789536,-0.9797919759522655,1.0002302161515315,1.02949985404732,0.15872237491210486,1.572921581398914,0.4703862369012241,1.0
-0.021918971629519977,-0.8121591585194822,0.6156138526374662,0.9487524566332433,-1.3136959575796994,0.8716959374411696,1.0421021564241,0.6847814532536906,1.2528725319265623,-1.3097499855488965,0.0
-1.5954478899819635,-1.6087905526283726,-1.1182292483520273,0.508540312325985,-1.584545406344113,1.3436359499327442,1.422555420055526,-1.195822022947688,-1.4427935112204262,1.7058160589247546,1.0
-1.0824883600488577,-0.8681301495241677,-1.299004654764053,-1.4914048339545665,0.9239350565348133,-0.3519640026861037,-0.42193800603707804,0.898184174411605,-1.6825424043552637,1.296356293541652,0.0
-2.103390911170076,-1.5085494221964968,-1.203717001075693,0.45894451011718324,-0.2835928145783951,-0.4066153332712584,0.9778660321148926,-0.4183121959047065,-0.12545774064967413,0.11382192383034537,0.0
-1.531291805665253,-1.6123423288660903,-0.9059891063158393,1.2613667909528614,-1.3615268772849245,-1.4149585956762751,-0.8991996832900682,0.6366914037676414,-0.7581491356650646,1.645844067729549,0.0
0.16368885043420922,-0.45588998886734655,-0.30971190600572684,-0.07144172906968393,-0.13596598806208815,-0.4875368012900393,0.48019014577204727,1.3273898170502618,-0.14027114850829894,-1.4866454486173755,0.0
-0.7174678140763657,-0.8996128939952264,-1.2148975925285221,-0.6551596387239651,0.010790403159313308,-0.08993996708018155,-1.7118400825200952,-1.0521201586843576,-1.1222652220908897,-0.562147119298147,0.0
1.666132219059526,1.3291517076812556,-0.1195648127803993,-1.3887284868629548,1.3219000743662728,-0.38781393087750793,1.2813828200262791,0.006470234717601428,-1.1555538690091771,1.607274779741574,0.0
0.2851816086954968,0.6260891071790751,-0.8736029098659001,-0.984907541315874,1.3406364442141978,1.0594098112766028,-0.7509085232885453,1.081994096424628,1.3247924975154715,-0.7537799523293461,1.0
-1.4959031078552851,-1.2349285848455256,-0.4249875557607191,-0.1667543936804745,-0.5333006906799954,0.7404202877985556,-0.7042411850809778,1.516730504959321,-0.42577592315053164,-1.8092187632419907,1.0
1.6699351208823663,1.4136979891438146,-0.7115488660726962,-0.5526783891980818,-1.1288024944373707,0.874116147764205,-1.6802652920541699,-0.8963912797979717,0.21683243111750575,-1.1464373150543412,0.0
-0.45288149503994585,-1.1591166714267058,-0.6047064337992158,-0.05271736526145483,-1.4562422433747075,-1.2453407714947247,1.0175068563821517,-0.8863712688629494,1.5196709519333291,0.025829920199569617,0.0
-1.2220591590985965,-0.7164843116788578,-0.4905473424389758,-0.7478379859472555,-1.2245553793786672,-1.0476298982596344,0.21869137095351754,-0.3145593098365341,-0.5245953405621467,-0.483299688746751,0.0
1.8207615488473787,1.1826104226147724,-0.44786499684889675,-0.6344402772436223,-0.8879990713526191,1.5321502240403677,-0.09720160625611982,-0.2375157809247626,-0.5456788839773027,0.8597809680275479,0.0
0.35595700331473623,0.8936118949050073,1.7144413801211353,1.5969195965004388,0.7272857144095658,-1.593152708774345,1.6718931131505117,0.34811909084037146,1.3178920467522042,1.2650966610151595,1.0
0.8034938154905329,1.2321551998800608,0.2293056585605959,-0.7276198751357837,-0.7670735978827918,-1.5333237889284592,0.04243522573975475,0.8904393012565369,0.3830065311206704,-0.8052757046702296,1.0
-1.212286271699095,-0.4809625276045865,-0.6009955779872657,-1.5780821801561224,-1.491031641161435,1.6538130664139759,1.1886294343130264,-0.8266634093941266,0.8325643450703846,1.2206854515599528,1.0
2.044548464191715,1.7672568033514497,0.10149574037419061,-0.6724572890515351,0.14659231616931248,0.10612808459623814,-0.43724366035273204,-1.0212427170990697,0.33091248003442986,-0.27676740469825184,0.0
-0.8664092993857001,-0.6111366274674579,-0.1238369492907867,0.40401604111180867,0.36873340643122265,-0.7187784429278623,0.2771456037546738,0.7268324826694655,0.47027117024245313,1.5829536170515695,0.0
-1.3050086419525957,-1.3875168940192664,-1.2693408197765879,-0.23366685572325058,0.8977129431507012,-0.9979790683749887,-0.16493447927974797,-1.5478670781344435,0.5461080946160789,-1.6148945843044973,0.0
-0.25797502274167877,0.08403402628454903,0.9907414552615074,1.6777870372446408,-1.5325524052287651,1.4215679229348943,1.1570016173286848,-0.5752476782047355,0.17387494902795317,0.36377892400185546,0.0
0.11208104148241944,-0.35616411611502685,-0.0022971668211491094,0.44960984197233805,0.6907114240181125,1.6076339727099556,0.4066173522202146,1.5266504658600444,1.5819170798493325,-0.3044202335101749,0.0
1.4436289456617044,1.3464163416976087,0.49562884771751053,-1.0772527219269203,-1.4664963713488295,1.2906364454093224,-0.31818812100474086,-0.24982393614419787,-1.2113347638046594,-1.684440363223618,1.0
1.7818230758026206,1.7082733057969708,-0.20071139446927086,-0.6534207691381407,0.22644424922333029,1.5099401169874267,-0.5252726834252135,0.950373273802875,-0.9828615093680995,-1.111769978380325,0.0
-0.45626518721696413,-0.7512286872865247,-0.2896228594033688,1.3091366800465136,0.21282143660789016,1.5851957515794404,-0.7077089192853219,-0.4619940408795515,0.9866173835979825,-1.048336256019402,0.0
0.24835319088472207,0.5851746459212662,-0.24621214955578108,-1.2432157178397734,-1.636859568068271,1.6576009607021163,0.7316468986029826,-0.4385813323532952,1.011991072420256,-0.6118679840413479,1.0
-0.30939273662734396,-0.8654077880754834,-0.23168188291869526,0.9228074818923938,0.22145575453321684,1.1769966152640816,-0.5053006954889417,1.6628515790519955,-1.094392283448891,1.4609125859549894,0.0
-0.8570956416459419,-0.9384002915117993,-0.1878419584193614,1.3525744026806616,-0.28683243467598585,1.5795209136496113,-0.4442741762944304,-0.6291266226753117,1.4234338258686754,1.1466104076156292,0.0
1.0848695308671488,1.3455739204040431,0.31921062034593845,-0.47089449014512574,1.0213327640333796,-0.37754179388428544,-1.0490226093235733,1.3616129317825005,1.3288645338510519,-1.3475198737676783,1.0
1.0388445138573343,0.30887246763590537,1.0019120417107994,1.1431836891370315,-0.05860329985143221,0.816128148544357,-1.6078580814071441,0.9558760256893075,0.22241822444958076,-1.577004636045286,1.0
-0.861381785136878,-0.8247764684163431,-1.4347225277462667,0.9771666662059768,-1.6239531136955343,-0.3385322856184101,0.756960557894417,-1.4455218960488547,1.029455806148485,-0.5886513737232946,0.0
-0.2799189968748959,-0.8046654109080724,-0.07346775948307151,1.3867795082043448,-1.5300701638877758,0.2402971812228199,0.1390195272834846,-0.8692266949855113,-0.9622011775917519,-0.2877148793847478,0.0
0.07281640532420554,-0.7164843116788578,-1.525373862795485,-1.409850049478799,-0.2936998690026883,1.0763012585208391,0.6807254329179566,0.4410495646984454,-0.8157339325522056,-0.04209704917442704,0.0
2.2381552865378986,1.6647115206166265,-0.565014583766408,-1.0562202038410753,-1.2662052079897246,0.029040533881248793,-0.8167714611627449,0.6459970574577705,-1.0232266951074092,1.6522712818938745,1.0
-0.9818820470529255,-1.6951937627380311,-1.1165263967499948,0.9386774182389678,-1.5879661170030577,1.7152617963107066,1.6374859062008882,1.371284768598163,-0.07234017772773367,-1.4808245376572187,0.0
0.3674637578173638,0.8676649188630446,0.1626103039808662,-0.4461361088040391,0.40195301918610354,-0.585246665018012,-1.0487294627217636,1.3554268381618073,-1.4552587448088772,1.1747644870963454,1.0
0.2094767488615416,-1.0028355154660875,-0.9298790537619823,-1.253760991392471,1.3516489514452603,-0.8056929079846682,1.0996069143955034,-0.8150686109192415,-0.1952796570504475,0.5906723904068598,0.0
1.9210246902239383,1.5832057597136233,0.08733665936833518,-1.322526380059497,0.37925967049754505,0.037113571126628345,0.17755379816643768,1.4532437556950335,-1.4024493359880077,1.671187741763878,0.0
1.039566875108608,1.7775419469356009,-1.5646895246952939,-1.3800181309284403,0.22210908125456544,0.03790796839677723,1.3977710254479052,-0.9209615672210648,1.2015578705959526,-0.15445924001171613,0.0
-0.5977429399300371,-1.14656239305181,-1.3453868506621913,-0.5071636278641807,-0.048923459071879984,-0.990767461922554,0.5708404797549101,-0.29319862751374565,-0.399903985164838,-0.901682916634776,0.0
-1.0094518346430834,-0.8901421576948786,-0.9243602938108589,-1.4637159871262075,1.1901301777223299,-1.053406787224168,-1.6315789441454003,1.1523993055606758,-1.3509926036108002,-0.26057030474397624,0.0
1.2347064639879648,0.7302992224940568,1.5437009922569283,1.2457399761881949,1.4125814230893214,-1.075348760185925,-1.1187955025557006,1.5979891418160999,-0.26639622087585013,-1.7977950503951245,1.0
-1.8686605230190492,-1.4430716768789122,-1.648406391792874,-0.8891066325405941,-0.8217379349031945,-1.3385213701824406,0.7121221343220316,-1.4096929782661205,-1.0970145948089787,1.6722312636152776,0.0
-1.1092367368532874,-0.9635968922922723,-1.3042892976324059,-0.26870237652670054,0.7264012721099147,-1.0472677171364682,0.4674147568351545,0.18599601426195086,0.45293149905524344,-1.0081881784997795,0.0
1.1220341167948595,0.670260197071749,0.3122611448889945,-0.13252327514802723,0.11904954233775762,-1.3899220751621622,-0.2726543496908611,0.871742951347125,1.5840141285371399,-0.27590497340783326,1.0
-1.7732578123331912,-1.5019141038842312,-1.7501602792673308,1.3680451393927453,0.581287702445105,-1.0470536100636572,1.2373568027360422,1.3043903151656595,-1.3804343267673418,-0.2780270346224246,0.0
-0.42569089708168933,-0.7916779158822101,-1.1992877860097715,0.42339873414182855,-0.5817088990808073,-0.4628514563953498,1.217731988420344,-0.15635119110022458,-0.5216378615921281,0.21902853625803664,0.0
-0.07660331915148448,-0.1886413382369452,-0.8630706426422823,-0.2964242398661829,-0.4754277490725103,0.35995402041425106,-0.19072137523553745,1.4164773690909198,0.914116127318417,-1.186307253480302,0.0
-0.5245483354692749,-1.3837410057034505,-0.4722501919701315,0.24432618231237255,-0.6122891919414807,1.5286684828563397,-0.40939073117940916,-0.3567564123023853,-1.6870296483270275,1.7048845931110892,0.0
-1.2442912773320445,-1.0160061020557534,-0.23968488524810722,0.2379579976669342,1.5610316613846023,0.3734807850142674,1.2740301429726941,1.6726664874167052,-0.8308174754994315,-1.0612717248753432,0.0
-0.4029805396818856,-0.7174978185320431,0.35248225960892055,1.7590086551081645,1.4313918299623303,-0.5309415075505798,-1.2318810563303157,1.1058660346083156,-0.23048826409845952,1.5644883828335134,0.0
1.5329055927166093,1.0396779423058804,0.2903291766350829,-1.1701651862290847,0.08270836852528471,-0.07828213711572962,1.4046704758440844,-0.5058619789181923,1.1323172448858358,0.0467383762403659,1.0
-0.48218214823218575,0.08572987437551559,-0.03070037136292622,-0.541334716376404,0.28893149839415344,-1.6479210978993073,1.659916123490903,0.25845425010180956,-1.560206226730426,-0.46263235328715063,0.0
0.27879241347301353,0.4725413181709762,1.155347775457053,0.9310536056705089,0.3688524659715603,1.7249126225926414,0.8294688190765375,-0.7215808583701234,-1.6119841197129703,0.19365484721360013,1.0
-1.1011787070502996,-1.0935468800770451,-0.8670176165377104,-1.0038490136972467,0.16730267318602887,-0.22222912356745636,1.18982403172791,-1.1209735917884316,-1.6163953256597945,-1.706360325105033,0.0
-0.03007505046661412,-0.7735688595715938,-0.3063272133090897,-0.2005232810571963,-0.04495847622853471,-0.2241530857217338,0.11010906924288197,0.6490255719959943,1.3523802935639464,0.46427117884201524,0.0
-0.008690356027942596,-0.38995101288903294,-1.255782038982965,-0.07535968838964253,-0.34725765264818803,-1.293089650232578,-1.5631947453955668,0.5891946509849841,-0.8160100706427758,-0.9055748629453654,0.0
1.3326604505612845,1.5533178127983172,-0.05714359571176447,-1.1926034072885106,-0.997515839457151,-1.5352807675939646,-0.3719329986703379,0.351176619888542,-1.0210756194018813,1.4675949277052276,1.0
0.15047424183750419,-0.08706754134066373,-0.9100601422551289,-1.0308765298028038,-1.539612936120889,-0.3609204817319134,1.050722467417934,1.5707465179768865,-1.345879046433613,1.5422272503372114,0.0
-0.673761956873272,-1.334113186909224,-0.8671917035992578,1.5600981825953224,-0.7917169217320065,1.4720831851135052,0.9804913450266639,-1.1809085648351123,-0.6885213163279528,1.463611935863979,0.0
-0.006766393858691855,0.14539671366812457,-0.1547334007140358,-0.49864436749404595,-0.19061631807774515,0.9044042945642267,-1.1530826494636275,-0.09655628810156185,-1.0042251928751382,-0.44953480337662977,0.0
0.07288443934787119,0.8630986352717931,1.7617520403475264,1.61013220395176,1.4952637716022903,-0.450189124089299,-0.44831419669752953,0.45235922057557887,0.021856928167817254,1.6470266591277793,1.0
1.8728005734491668,1.5727465290688067,3.0137581729865426,1.3880511441327585,0.7201901660055777,-0.8041641434647847,1.183791014632643,0.13474038169068855,1.3142692350639642,1.4176959739020563,0.0
1.0629125502294072,0.6644292810398004,1.4247354971974142,1.6507705266427912,0.8650976326005594,1.3321422020240912,-0.24776090054536576,0.3606903776500125,1.0253157357905902,0.049611813207978445,1.0
0.27579091242894066,1.3377259956692102,1.5870396660790482,0.24745374636604733,-1.2382292175113951,-0.09194897176337923,-1.2881161793607752,-0.8113897711580756,-1.6268435505866903,-0.21754879025674112,1.0
-0.6825613574341458,-1.3203423001103667,-0.5332997230538152,-1.0653467679158102,-0.0056838354221964565,-0.15281541046209166,1.038128169043934,-0.7175068209734774,0.5014827784794963,-1.3661051680261638,1.0
-0.7019720646861654,-1.3259931260795577,-0.7284173020364273,1.738561429719504,-1.359199713496476,-1.4494778584151629,1.325796030950988,-1.7248055637918267,0.5438909858888932,0.5669235139095691,0.0
0.04622510707441553,-0.3252616618461868,-0.8763712943446452,-0.8699580565894481,-0.4479630142673952,-1.366197210594101,1.0103042543806877,-0.3993807284146923,0.3684352443414584,1.406009129466582,0.0
1.627239769030777,1.5530146611926754,0.726982548511179,-0.22937370877689142,-0.9378229877330762,0.6513327360027531,-1.670773545257686,1.570534411904173,-1.2588845424004316,-0.6713737420795525,0.0
-0.7078309947241956,-1.2200961671767474,-0.9368465382252934,0.4354097406883309,1.3049405931203615,-0.9065293352758844,0.28188697490135206,1.3838870709184368,0.35454829978670277,1.189405809026722,0.0
0.4987704239924218,0.16797400453582437,0.7810956106425171,0.2186703521689358,-0.2282521393288476,-0.03707653060303206,0.02597899602450584,-1.657896102854178,0.38229517538735397,0.7010305790693132,1.0
1.3337399904368028,1.1142402307892325,0.3238399354826042,-0.8195938701217781,0.23253129328563477,-1.6079681178125875,-1.0892327182885453,1.5366764797971246,-1.699359814371178,-0.18977890290539928,1.0
-1.3871947430410523,-1.1112317242398326,-0.14970688693694298,0.2178869604050115,-1.2718130123896616,1.1573918110971204,-0.9060871276820778,1.5106594688780712,-0.9890776179069105,1.125847024123685,1.0
1.2474478359200543,0.6902682030441083,1.7126674929939885,0.4861170987716152,1.7022873017423366,-0.2693977121079717,-0.5430065520841865,0.09853027327727602,-0.5174607727220918,0.9480941322664725,1.0
-0.25466536759041436,-0.8152467025954249,-0.8378570332281667,-0.77419416632664,-1.0147254457878052,1.4090776766873645,-1.096026115647892,0.639997056900873,1.35489655188925,0.5706643846692847,0.0
0.7386483864340335,1.5182152580658326,1.0435948874475112,-0.038429219947785594,0.018337177216177645,-0.36828616523674473,0.6135728500958632,1.369909080626555,0.15961481785079668,0.12211206962200188,1.0
1.2315678943962127,0.9195308569372075,1.6687215154571602,1.6702862862176413,1.247685960722361,-0.16584092439164874,0.31581994468627317,-1.545120704692942,0.26623413582068806,0.08776389255546073,1.0
0.5528514698045277,0.5702721932280822,-0.7245363611643447,-0.7869635521286398,1.3768725654910787,0.7758690153535244,-1.4680791783619282,-1.567825058976363,0.9795138312681003,1.4664393498160937,1.0
0.5477819345410885,0.4019540175728217,1.0823832856609092,0.34129167347999956,1.3737049814178939,1.513271783120419,-1.613933119517005,0.5631166095450084,0.777339728457355,0.5045733334135224,1.0
0.016592287766631627,-0.8848885303641025,-0.2220620720176707,-0.6684782992110154,0.6826603977904063,-0.6938889959637643,-1.187948085572394,1.2705984160812482,-1.084447310187056,1.0985643804364198,0.0
1.2369215717584905,1.5213508261585107,-0.9957539980516611,-1.0620151017933737,1.6147975491006081,-0.040323154207104014,-0.5138909914723517,0.24502453399788499,-0.26795800188809604,1.411165708203029,0.0
-0.5744973148440404,-0.07331066154668729,-0.7075598711624118,-1.6748735842650997,0.987395792535456,-0.3682961702401471,-0.3611135879127564,1.697854083551422,0.370552303035829,1.2101661910176555,0.0
-0.535952038436056,-1.06498759762475,-1.0177259863197214,-0.46296752597453533,0.021383700748346793,-1.5367354950886705,1.4682042489093652,1.5615309093176264,-0.894778460977888,0.3730065386091989,0.0
0.5885273112143784,-0.19585094374933754,0.04709053213956608,1.7310286626817184,0.22350778072844804,0.6595458432957659,-0.7614507954498766,-0.44751079791446086,0.833486806372941,-1.673368826495345,0.0
-0.05305954496177651,-0.4438239546625934,0.3789484954658944,0.42078842876241795,0.09084543778214241,-0.333514776412117,-0.561003552334545,-0.2552156324925588,0.3026453442631393,-0.6181611311605271,0.0
-1.5437000109814505,-0.9749715807561063,0.14718759102826154,1.4268665552096518,-1.4594078264472141,0.6954528000065636,-0.5657899459968596,1.6643823445767667,0.9528244845143061,-0.10000600867491938,0.0
0.342487267129285,0.12018810688346779,1.3477369899750684,0.9020761144080062,0.6085703461885271,-1.2341521761898444,0.5048884973497852,0.7572947166124135,0.35199102094794515,-1.7657520261048296,0.0
1.5131957358605306,0.9193877853873501,2.461529001249338,1.6781932403814903,-1.433932086315975,-0.5683942372870451,0.8751516649421909,1.1603933033011478,-1.102072123967789,-1.3466344309695109,1.0
1.479796032742435,1.1878240299316025,2.1184194109450667,0.5505263089710469,0.7024182784844216,0.08102853256069015,1.134438333492456,0.231791916461529,-1.4332197235803357,0.47253931362625967,1.0
0.819472806548829,0.3982031417657222,0.8536839123056618,1.0713527674372287,1.2995589017970324,-0.5979290073308676,1.4260921887838458,-0.37876141684605785,1.5688605505669433,-1.1108084975565522,1.0
-0.17169587472945472,-0.5586934006921224,-0.5964382988760679,0.031145573491928633,1.37139282513453,0.3184302547933579,-0.8339210376187932,-0.2572496496898529,-1.1443532678355106,0.34858432538516615,0.0
-1.6976810165437832,-1.0137899937834873,-0.9194388325709067,-1.1973527823885728,0.28000603487018594,0.725579866251807,-0.5910195632591062,1.3820271407808224,-1.1385083449184443,-0.10749475369670902,0.0
-0.8455448651280013,-0.8269965786900036,-0.06040022436312537,0.4206233462068017,0.39337973178145413,0.6439130254795489,-1.2515769061706847,1.4237219920744941,-0.18259731489078734,-0.3473687114728154,0.0
0.6776488807153395,0.9873957960866777,-0.7525073495533144,-1.151313758878048,0.6757779559586193,-1.141246715095694,0.251404730814868,0.25149577021632974,-1.0298049847650113,1.2704313288115765,1.0
0.7883632487273613,-0.011748874593729865,0.8669385409917536,1.778315310112567,0.2613306955429382,0.002410216325136827,0.9267054468468203,-1.1951446842154851,0.3430225360063868,1.0283962903077393,0.0
-0.5135838521552765,0.2663642093226925,0.4304422476711917,0.5458629768999727,-1.5917590137880995,-1.0998810285285583,-1.4543403075904182,-0.5172306643155621,-1.0602091892372354,0.9009995809076669,0.0
1.159394800790783,1.142320273574523,-0.7559200562598558,-1.36497961036197,-0.048826410538999714,-0.49376591640836043,0.3871045939434333,-0.5193997490591595,-0.002534269332210745,-0.08496548711011459,1.0
2.2356660416720144,1.7763543530217498,1.662790549360304,0.5025803318180705,0.785298726064507,-0.948143145927399,1.2887615100888983,-1.384921590274087,-0.5147113978203288,-1.6261221990853285,0.0
-0.910857527847028,-0.5796638879998857,-1.390287305536469,-1.00173895848637,0.15923263745188226,-1.0077479536970715,-1.5730476728174885,-0.8446163875486987,-1.291462834085731,0.3908874806304981,0.0
0.9594438057377775,1.3538630657926318,2.2582183248701075,1.2667985072828039,-1.322717469136208,1.5848725899695435,1.602134226923249,0.27199802324483463,1.2681151544259648,-0.13245623660233763,1.0
1.004453314894347,0.6601081200339687,1.3455198811912235,1.536255259062653,0.9642732292014786,0.008808416000958146,-0.7909635546996585,-1.4108795716729041,0.028314157285713012,-0.11428114748198616,1.0
1.5390566688562628,1.261604927642657,-1.0202172322004859,-1.6287575222286206,-1.5302022299325202,0.14262733750845666,0.5916638934868821,1.3888885721330324,1.0153747645300677,-0.18229115838394655,1.0
0.5885463207209909,1.1202632428881225,2.3822643607258156,1.4590166330409975,-0.7266243696785007,-0.051287637435771076,-1.3714968778188934,0.9917259539792446,-0.18154979104721175,1.6888045516962322,1.0
0.8103612498793716,0.02865032898452285,-0.25340974910044783,0.2654237329201271,-0.4487093875202682,-0.6706253620525529,0.30751279030119827,0.5235368159764132,0.9602191824396807,0.2520980738940037,1.0
2.1049456687008985,1.7157950674181426,-0.6852997387924799,-1.2947544917031613,1.0490916459381523,-0.6899880451371767,0.6924683054962565,-1.6758690910156098,-0.5361731303595265,-1.2882892533221246,0.0
-0.45767589270767833,-0.6002161661619122,0.4481811189426598,1.6070086418994336,1.4179651154133288,-0.6078469672036458,-1.066487343389076,-1.229192711387701,-0.8299250292067196,-1.6936009443083886,0.0
-0.7542211943610386,-1.0175218600839624,-0.6569045382535325,-0.5559120062874858,-1.025834001051409,-1.2883182641099835,-0.26397000667478865,1.449772019504866,-0.3572626611789816,1.4350746647542256,0.0
-0.7251446532467563,0.19883944029176423,-1.224916603070681,-0.6829315270803009,-1.6684553687730004,-0.5186003358537454,0.8579810779788456,1.3339420937964885,1.0429305445680417,0.9196569111904102,0.0
-1.080496363855941,-0.7670886188133694,0.026988479032609664,0.7533597433055327,0.08240321592189831,1.4612567709317912,-1.3926544586669216,-1.0902012027391572,-1.1232637214183858,1.3258640499782106,0.0
-1.4731237159314676,-1.3472257444786682,-0.9156169212196936,0.8734958217793194,0.10036820000847606,-0.4412786680591404,-1.0844563296297052,-0.7788795130130318,1.124678424880392,-0.7701991633584162,0.0
-0.5809015175717439,-1.1094778471286444,-0.7332127002318106,-0.4337579186338328,1.3567374961692709,1.0398530311259728,-0.4430065423541811,0.9864223016610665,-0.9245603542460012,1.686432365397413,0.0
-0.46381496284315554,-0.30700152998292396,-1.0000901665846866,-0.21759281730791483,-1.5337670126402767,1.2894438490037587,0.5144462771692024,-1.0092527209887046,-0.7276318746557593,1.587197739480752,0.0
-1.4439681352896916,-0.999635915351096,-1.0846454529786844,-1.5633818287035812,0.34258332907151656,1.5454858930753985,-0.8595538565210716,-0.08415808785125768,0.32735370036719164,0.5201921441730626,0.0
-1.1952527532739812,-0.9842252084807963,-1.0575459003978056,-1.2744133193502303,1.344744498606016,-1.5842462547455471,0.6203092189354041,0.8911026329839378,-0.38780393419616255,-1.2301721897515545,0.0
1.842304322341038,1.3836689716793484,0.41301653301043817,-1.4455258904979726,0.4268934916359927,-0.5475087926845791,0.11209706343331238,1.2153167701298033,0.8189135185930728,0.12396099424461607,0.0
-0.40405707805635976,-0.732870506389094,-2.0562373494789843,-0.9674037879188678,-0.9631036302982158,-0.02117858019665195,-1.7293738511095735,1.262200216202209,1.3512147106816488,0.2733126830378952,0.0
-0.6732076796804665,-0.5733667388054648,-0.7942972488278747,-0.9502722206472511,0.5989785494388045,-1.370298261488736,1.0440451280988938,0.4624912875490158,0.24759381420688023,-0.5335958411836766,0.0
2.12872556097274,1.6182512859262348,-0.45168690820010987,-1.0480070965740833,1.686551432410988,0.4817079083188209,-0.3350895733746156,0.3449084852397237,0.7931366281385537,0.6375048106773945,0.0
0.7126733963986264,1.2320931688584442,1.7174328761787603,1.4293437940442322,-0.1960980594349717,0.9387994952609249,1.355555913786596,0.5150425680644473,0.3629825175530277,0.5938309699704925,1.0
-1.4494058546812036,-0.9413337585340494,-1.167999138447864,0.11203602574388283,0.5574597863721524,1.6049006057804258,1.3204353500892234,0.6677209214050633,-0.18688345829659234,-1.079099640378786,0.0
-2.045215817933854,-1.538301301064386,-1.2656819899830314,0.20210606858843666,-0.11699850263586066,-0.08954677044646805,-1.7547095214086523,-0.6267544363620878,1.1566213988573146,0.5206883923401712,0.0
-0.9269715864523075,-0.5241081046398913,-0.5265183316562964,-0.491370730043561,-0.07387393652515888,-0.14964082288251682,0.5379490308317093,-1.2774758574399467,0.5997129011978296,1.12794207182918,0.0
-1.5459711467714656,-1.5070336641682878,-0.8230736400015896,1.7883143104812256,1.6767465290890642,0.43228519251174946,0.7849275441073519,0.9242792243574115,0.1334347257640321,-0.915029591129188,0.0
-1.04546384416987,-0.4736898905702291,-0.24625317007028363,0.2668964694162913,0.18502253468955854,0.24323264922107787,0.8612617186182122,-1.3142132295341138,-0.46378893261835485,0.1880820603369978,0.0
1.3219721053433409,1.66742687856287,1.3222962669806584,-0.28980993213782585,-0.3524282383999943,-0.025419701138920375,0.4406153545277215,-1.317956101317231,-0.6167294147810473,-0.6280540784919174,0.0
1.648229265831979,1.1037729961416267,0.9528224918554927,0.758714421109521,0.1881490982488454,0.16821313270936028,-0.17433718154530664,-0.2674097306728935,-0.7844062662770969,-0.36540873304768373,1.0
-0.72538077132889,-0.6702591945703996,-0.12595500853961344,0.7029745463307843,-0.7563662432551156,-0.08803901643372955,0.8965753788826472,0.9192597141366419,-1.6342122355035327,1.2286294242350377,0.0
-0.13161883228864504,-0.22503053641779738,-0.7725813886503666,-1.0495458660924941,-0.36421213139240427,0.6777289364792495,1.1047524876825612,-0.6154387774828963,-1.1940050976207313,1.1592997533886897,0.0
-0.9599790934339774,-0.9400671250926549,-0.47650932197592055,0.2076838579675912,0.7100460930687426,1.1981431904553497,1.5690716924406303,-1.5642792857608143,-0.38224315337229137,1.6624803873317289,0.0
-1.0747424863544535,-1.2837039773426997,-0.5307944701680987,0.5197339100971027,1.713023670879843,0.20971688832344873,-0.24960582318610744,-0.1011075641618131,0.17685343850486296,-0.988014089706277,0.0
-0.9306044032159838,-0.9399520675525599,-0.4884212791873193,-0.4304492640191487,0.007685850607483792,-0.37366785656688434,-1.7502522923606565,0.37018412540462325,0.4823752232124412,0.20251527819729673,0.0
-0.5252226727038433,0.2820610592927068,-0.9500431378908694,-0.41179993773619966,-0.5507984411082734,-1.5944303477088289,0.9529285609541084,-0.7219840600083476,-1.7447705232653603,1.2014518330831478,0.0
-1.117525882236669,-0.8090395984323827,-0.5089815614562798,-0.05162281789270235,1.33849337248812,1.1575969136668691,-0.0852886486187494,0.21869036447010445,-1.77699663883515,1.0771676802312102,0.0
1.7423413310688856,1.700966651750759,-0.18227917645267427,-0.5418569775523535,0.4904732871769731,0.8990696267500782,1.6606084697313548,-1.6845634389961734,-1.7367715231417815,-0.11383092233037555,0.0
1.6491987506692145,1.393769022698999,1.4587214937129527,0.48431319666388145,-1.4645393926858008,-0.7547434286583938,0.444318206313722,-0.5843262183170064,-0.515972028233801,0.2982701639421762,1.0
0.877797974837254,0.20882443377131948,-0.4010395792940603,-0.4277429106073795,-0.07917258632035357,-0.10326162911044907,1.4710706824048774,-1.2050106180976872,-1.2146184058816556,-0.21868735964014746,1.0
0.09421510676774941,0.7413317398386515,0.254660338524586,0.7970335840192285,-0.573593840831407,-0.7695838502051424,1.3040591604017726,-0.8630195908576154,-1.0435958812882644,1.1872687403070772,1.0
-1.0544833548073091,-0.7259120264642135,-0.7006153982072364,0.07186193520925119,-0.8215158238279426,-0.45869837948302233,1.5116569795004993,-0.17786294897480412,0.6737149079696239,-1.3320841545697932,0.0
-0.2584302504000298,0.13406804822032853,0.4890625638960415,0.9490956282488576,-1.5433598098903385,1.4399731271939102,-0.6368214686661089,1.5795879395078691,-0.5253557208115426,-1.27809315438865,0.0
-0.8860951442334264,-1.3507435037045317,-0.1689144927276731,0.14328065077018187,0.7193437427188075,-1.589023643870183,1.3916239513130262,-1.3661692123454676,-0.21225214461722525,0.28552879215159616,0.0
-0.5910175765906177,-0.510391244859861,-0.5777229392593684,-1.1006494223092573,0.7467844655157874,-1.036869517100376,-1.6500581855632412,-0.02505853259097145,-1.4701992162091775,-0.8183572465753598,0.0
1.8937830667479325,1.113478850023908,0.7989365329500647,-0.11150676506757516,-1.217830016100099,0.13478741684235254,-1.2528265311046796,1.0112787321822538,1.562191215379479,-0.25406405105303465,1.0
0.7731266289272991,0.34783795421453856,0.5162001354903619,0.24339571699889923,1.5581071988937876,1.591734021302895,0.5333587352374995,-0.28732769150109355,-1.549212729124687,1.1248105057746438,1.0
0.33411407971666957,-0.1464842555461095,-0.4575478392722057,-0.5049745331266758,-0.8926233839193469,-0.7704402784963862,-1.0551956964674867,-0.3668824762737643,-0.5741491213152081,-0.7649705485977117,0.0
-0.8557519696785453,-0.4103121954844668,-0.21592500284794788,-0.07059630628486141,1.622107204577136,0.6605193301268174,0.9645813885011357,-1.5711317126099376,0.7658469811878682,1.569305791955747,0.0
0.39094750198619027,-0.16558780920328667,0.5423352057302542,0.8758640060771596,1.38623224616216,-0.9298970212224806,-0.1976518411424884,-0.9028014854954941,-1.3884523363971553,-1.4052627502122432,0.0
0.8973707631456536,0.2454077290198103,0.19087143747241497,-0.5135748340241131,-0.11679940306840526,1.4155789278982303,0.6229705498596845,0.0341620832108163,-1.6014358447532593,-0.3344172346114838,1.0
1.363921083935304,0.7652577051763354,1.4168245409005444,0.5894637810890625,0.3817639228459915,0.7458530046460474,0.9832707349919461,1.2498750524769429,0.6174387655117061,-0.24319561589315475,1.0
-0.7051986783085437,-0.6063682428057784,0.12735367201610226,0.8224542965834543,1.6593268176872262,-0.6470985965518588,1.5959621402796833,-1.221204716649287,-1.5067144766857565,-1.759632966044273,0.0
0.3427554012225555,1.3020601592404342,1.6290936974469905,0.6631786449235643,0.866315241513088,1.562155229244102,-0.7634748076528161,-0.24539071912441918,-1.475249741865691,-0.29926265427339127,1.0
0.4072066331419333,0.10653828062679718,1.9009686630667013,1.6947555229613152,-0.9236298899244221,-1.4567054728730415,-0.966484332158028,0.8704653124091295,0.18235619030970132,-1.8014188626154213,0.0
-1.3571967411062393,-0.9313307560482185,0.008652309049970292,1.2124053059577606,-1.4685624045488062,0.07983493565478635,-1.2190956623899483,-0.1426633459078092,1.4547204716303301,0.8517159348116966,0.0
-0.2921871321423699,0.1293787030861927,1.7014438800259497,1.6741732300271506,-0.6080610775089857,1.3213778188634715,1.5683573351925342,-0.0913666928224844,-1.145568875734216,-0.5934867918515925,0.0
0.5651416160796583,0.07766484106502511,-0.11743374702697419,-0.30612909313574327,0.23859632634048183,-1.329695956681202,-0.8394738145472727,0.3934827768917789,-1.7332737739945607,-0.4471866290858963,1.0
-0.551141634719761,0.09910556353665531,0.6217048987909177,0.5786793879558055,0.16364184244573102,1.249478862912956,-0.45417112573164115,-1.2092637450557282,0.08935068030497992,0.056675345586580314,0.0
2.20772506845274,1.6329406320451556,2.4774679723844626,1.4254278357249477,-0.17204503078575048,-0.803984053403542,1.0255808941862652,-0.10482542343635559,1.0323352460929076,-1.4511536996657433,0.0
0.5485593233115035,1.0255218628727913,0.28712357350176176,0.24241522666857251,0.2542021306277641,-1.0365063354768693,0.5654497838827213,0.4101070905908633,1.3896979553037039,0.9588475098876075,1.0
-1.6649376416539918,-0.9322111963550329,-0.22887647992686241,0.5141080967017688,-0.5987824373653612,-0.6850965989737536,-1.2851206813204386,1.0851526760074404,0.9430395913049754,1.1084653317705053,1.0
-1.106137186775108,-0.4978999980069303,-0.7433497698157089,-0.5750145592231266,0.5647624383463077,-0.48256031259769605,0.17188096119626128,0.09044723100627801,1.3558510292023072,-0.5586433671182796,0.0
-0.12410607517533054,0.6469855574610381,-0.41920366321585967,-0.009475740693372453,0.4778399693967761,-0.85103758440493,-1.0483412685869438,-1.147548881898872,-0.33696351002109703,0.16105954673732956,0.0
-0.39797503644071996,0.1863021704227956,-0.8751596884162894,-0.937763965433226,-1.2560571330515335,-1.651317796554415,1.2432757627916973,1.6223953471829429,1.1058239961963594,-0.27416610382227946,0.0
-0.7021791682582064,-0.5940100624992187,-0.37743277344802023,-0.7827864632213805,-0.3458919696854915,1.6420912044277487,-0.8176168839563603,1.526843562426241,0.2731315850829709,-1.7011997443672386,0.0
-0.2840640698167606,0.5803072117250702,1.1834168128806875,0.5371806349748958,-1.6183563147993263,0.6248805075072035,-0.4533877339595691,0.6811056149935535,-0.11799801020296964,0.21442223270689176,1.0
-1.3415999411808885,-1.2053928140529453,-0.7729415687777061,0.8679430449085915,-0.4917799266126655,0.7342051796849979,1.484772534663531,0.9318189949421671,-1.2022492203247073,-1.449442844089623,0.0
-0.05973488328379469,0.7661051289716444,-0.26693151138098314,-0.27895450348063716,0.8045503535870026,0.2344932787490999,1.1557259793856558,-0.8559600604374937,0.6908914976033447,0.4114087430409093,1.0
0.18557879754863302,0.12678140418108994,-0.18119063206782615,-0.8610325930824638,1.2172537419118556,0.2566253467755023,-1.7259371324160009,-1.202176200626003,0.012993495760714908,1.1209265634667498,0.0
-2.203510980996868,-1.544402352190471,-1.3893508372053864,1.5312497558763014,-1.0694207983187158,0.026433229994588848,-1.3854698656717124,-0.8554998302797195,-1.6974408547417816,-1.5452527573530326,0.0
-0.4675438276402421,0.20650027146139896,0.9960571136408255,0.5856478728034847,-0.018410199733917835,-1.0999240500431886,1.405243762543187,1.6631117091411722,-1.1839060473083607,0.29877241511130626,0.0
1.0442812327484987,1.1326724487124638,1.317264750701797,1.2610826488571338,-1.3784553430203275,-1.5517990282112921,0.43003106135179625,1.669820063940905,-1.3757469827299476,0.48663336187234535,1.0
-0.3426163516841871,-0.6953967658303021,0.10057828154982873,0.188752390589589,0.4648344654904816,-0.6254067486751611,0.9266083983131154,1.0083072461635803,-0.7420851023962493,0.243455751983754,0.0
-0.09516960410977154,-0.10737369641692161,-0.1685042875826476,-0.04280340742144724,1.584245270249426,1.3705544115868447,0.2963502079244332,-0.9997879877440403,-0.23295049540604265,-0.9893477566553813,0.0
1.5450936879562416,1.6808906117546913,2.143866136941599,1.3440161227973813,-0.506059067450471,0.5857939607151298,-0.37595200856614014,-0.8670656142446578,-0.6395498267658759,-1.6190836792151495,0.0
0.6884382764684336,-0.3208074342939844,-1.2364353636430676,-0.7586804081000622,0.6068254735973604,-0.23195598787524913,0.9553507722953424,-1.5115189006736987,1.6016159308103255,-0.7326193702036479,0.0
-1.556732528514815,-0.8855908816088569,0.25056028807503855,1.3006484351868282,-1.2587894994772655,1.43084456208958,0.27943174704865137,0.4602301567738635,1.6803052816195139,-1.1108145005585737,0.0
-1.2661582129384639,-0.6289425321724323,-0.34620415590733583,-1.6285244056500838,0.2263341941860434,0.6296248801206116,-0.31408006657801346,0.9248014855364511,-0.8107494399173502,0.2360990730064368,0.0
0.15360680842716828,0.12346974802704908,0.02424110506129261,-0.9921741752639993,-0.670968536822177,-0.24641721979304762,-0.2730685568347153,-1.1742332265466982,-0.8983742591572679,-1.1658730345992023,1.0
0.5816698818290198,1.0005033511543786,1.0211546650139096,-0.3486823734719228,-0.9452216877397727,-0.4763512074861797,0.8722872324473734,1.107124664039794,0.09884542841914644,-1.1271646770643968,1.0
0.862645397066426,0.5724222684773371,0.046012993258608886,-0.37108557701955125,-1.4641542000552965,1.6813748497868493,-0.5775688365876686,-0.2871676114462155,-0.3202901720524369,-1.3877519933156015,1.0
-0.3370945902634409,-1.2752947719122727,-0.4352696978959068,0.7383692467552417,1.0991576834006405,-1.0272036833133376,0.4940450745838644,0.9173027354657579,0.9204082738821675,-0.48644626230634064,0.0
0.17247324348986265,0.600230175167794,-0.6493297500755131,-1.075760975924352,-1.3357990110682645,-0.9952126849342309,1.4463593243226223,-1.0907724884350034,-1.7113648178086789,-0.1375347763125052,1.0
1.2535528890436987,1.016839520847182,1.7754348831850109,1.1471036494576643,1.1702372294825534,0.0038009117980674963,0.4778569789617384,1.1070856445264177,-1.378710464701935,-0.5382111492378537,1.0
0.8819440482794668,1.2600791646109615,-0.46760586932816,-0.7970345885215671,1.1315949048904455,-0.801962042215921,0.3682871834081462,0.4695208029588477,-0.6981951540008585,1.2616329288487684,1.0
