focal_depth,latitude,longitude,class
-0.5355496173532354,-1.2601113189654929,-1.9598501533738695,1.0
0.15149327270439777,-0.6628338359000828,-1.1040532206543472,0.0
-0.45825729222175166,-0.21946009024736088,0.6000521060950861,0.0
0.9415925962706759,-0.2921550470678219,0.3910461498591905,0.0
-0.3552008587131067,-0.7463347998154773,-1.966076578801187,0.0
0.5637190067389777,-0.7663095402030815,0.9471332532259511,1.0
-0.19202817232441882,0.9760772401648166,0.7308070400687502,0.0
-0.2435563890787413,1.1804090106871934,0.7813757114446653,1.0
-0.1404999555700963,-0.2066893545897123,0.6008093740524624,1.0
-0.45825729222175166,-0.6186274432389917,0.9161694078576704,1.0
-0.5183735451017946,0.9171353832833615,-0.5510793300012452,0.0
-0.3036726419587842,-0.7627075378381037,-1.921734332852589,1.0
-0.6386060508618804,2.143126006417624,0.00012760208464513288,0.0
-0.45825729222175166,-1.0397342651809418,-1.9357017196219766,0.0
-0.0030913775585696872,-0.14611022390599476,0.6183948188404262,1.0
-0.44108121997031086,0.6420733845032386,0.011654903213597481,1.0
-0.2435563890787413,1.2157741248160665,0.1854899698735653,1.0
-0.5956658702332783,0.31592844309252127,-0.9775053308883299,1.0
-0.23496835295302088,1.3480658480388876,0.8502870955659206,1.0
0.5207788261103756,-0.7705664520889643,0.9478905211833276,1.0
-0.3466128225873863,-1.2594564094445877,-1.0626559056511022,1.0
-0.5527256896046763,-0.22895627830048418,-0.7013549490983907,0.0
0.18584541720727943,-0.4287036821765259,0.82992500160091,0.0
-0.3552008587131067,0.9115686523556685,0.2098908262779171,1.0
-0.19202817232441882,-0.45784715585680075,0.8010646783364526,1.0
-0.5784897979818375,1.4990224926075026,-1.8478586365663103,1.0
-0.3466128225873863,0.8319971455657044,0.021246964007032305,0.0
-0.6386060508618804,1.306806548221869,-0.05767718532842257,0.0
-0.43249318384459046,1.1303084323379569,0.2002146246003293,1.0
0.29748988684164485,-2.0951209581194377,-0.6974844684273557,1.0
-0.15767602782153717,0.13910287244815658,0.59214286298471,0.0
0.37478221197312855,-0.46996298199354425,0.7690070014741835,1.0
0.7268916931276656,1.1869581058962442,0.7617708854370309,0.0
2.2985023041345016,-1.1690788955596902,-1.9680959600208574,1.0
-0.4668453283474721,0.23799421010481983,-1.2719984254236096,0.0
-0.6386060508618804,1.3690229527078495,0.19508203066700014,0.0
-0.0030913775585696872,-0.4054543941843964,0.3988712520854136,0.0
-0.15767602782153717,-0.1385787644155866,0.6035018823453564,1.0
-0.38096496709026795,-0.4693080724726392,0.8140223744960048,1.0
-0.3552008587131067,1.4947655807216198,0.8958073138926596,1.0
-0.5441376534789558,1.4374609976424275,1.01957855448163,1.0
-0.3552008587131067,0.9606868664235476,0.1359309891074854,1.0
-0.6042539063589988,0.377817392818049,-1.7699441778406908,0.0
-0.3637888948388271,-0.5027084580387969,0.8498663911451559,1.0
-0.5956658702332783,1.9086683979336143,-0.6012272969563957,1.0
-0.6128419424847191,0.665977582016273,-0.014681193526271764,1.0
0.13431720045295695,-0.18409497611848794,0.6183106779562734,0.0
-0.44966925609603126,-0.371071644336881,0.7151568356163038,1.0
0.022672730818591558,-1.2224540215134523,-1.9440316671531175,0.0
-0.21779228070158005,-1.129129414784482,-1.0565977619920908,0.0
-0.3637888948388271,0.22784311253079145,0.3713571829674032,1.0
-0.4067290754674292,0.2609160433364967,-0.8549120626775008,1.0
-0.5870778341075579,-2.091846410514912,-0.698241736384732,0.0
0.23737363396160194,-0.39399347756855796,0.7336678301299501,0.0
-0.25214442520446173,-1.2712447808208787,-1.9615329710569285,0.0
-0.6386060508618804,1.3752445931564474,0.20324369642983503,0.0
-0.38955300321598835,-0.669710385869586,0.9377936150849753,1.0
1.044649029779321,0.9344904855873455,0.13180808578399153,1.0
0.7268916931276656,-0.4031622108612287,0.8290835927593805,0.0
-0.38955300321598835,0.47769109475606986,0.5675737248120524,0.0
-0.6386060508618804,-1.7080694312645501,0.9511720156652922,1.0
-0.277908533581623,1.1555224488928015,0.7727092003769128,1.0
-0.3637888948388271,1.0003088924383035,-0.11901588987591365,0.0
-0.26073246133018213,-1.616709553098295,-1.0928624830620066,1.0
-0.5527256896046763,-0.48502590097436055,0.1440926548703204,0.0
0.048436839195752805,-0.4588295201381583,0.7878545595244415,1.0
-0.25214442520446173,1.0939609539277262,0.7448585677222906,0.0
-0.31226067808450464,-0.48600826525571816,0.8003074103790762,0.0
-0.5527256896046763,1.023558180430433,-0.24960254208127192,0.0
-0.26932049745590253,1.4194509858175386,-1.970115341240528,0.0
-0.26932049745590253,1.419778440577991,-1.9718822998077397,0.0
-0.2950846058330638,0.5205876683753509,0.5726221778612286,0.0
-0.38096496709026795,-0.934293832315228,-1.924763404682095,1.0
-0.5784897979818375,-0.5315244769586195,0.5592437772809116,1.0
-0.277908533581623,0.5756000681313755,0.7432598909233848,0.0
-0.31226067808450464,-0.7784253663398251,0.9451138720062808,1.0
-0.6386060508618804,1.3781916860005199,0.202065724051694,1.0
0.31466595909308565,-0.400215118017156,-1.110027223429206,0.0
-0.26932049745590253,0.3630819285976853,0.5654702027082289,0.0
-0.22638031682730048,0.9911401591456326,0.7329105621725737,0.0
-0.19202817232441882,-0.36681473245099816,0.7145678494272333,1.0
0.8986524156420739,0.7019976056660511,0.7195321615922566,0.0
-0.0030913775585696872,-0.46439625106585136,0.8408633165407917,1.0
-0.26932049745590253,0.9010901000211876,0.7079207195791514,1.0
-0.4754333644731925,-0.32424561359216963,0.6668599681125179,0.0
-0.4153171115931496,-0.9234878252202946,0.9531913968849626,1.0
-0.25214442520446173,-1.0973663030205867,-1.9449572168787999,1.0
0.21160952558444068,-0.4267389536138107,0.7512532749179137,0.0
-0.3552008587131067,-0.025606872059464703,0.5775023491420989,1.0
0.5293668622360961,-2.171745372065329,-0.6878082667497678,1.0
-0.25214442520446173,-0.39825038945444086,0.8239509988260515,1.0
-0.5011974728503538,1.4541611904255063,1.0047697588707132,1.0
3.9731693486499826,-0.44933333208503506,0.4743456251705982,1.0
-0.3552008587131067,-1.8983206470874683,-1.4305198511677428,1.0
-0.45825729222175166,-0.4830611724116454,0.13938076535775593,1.0
-0.39814103934170875,1.4659495618017973,0.9850807919789258,1.0
0.07420094757291405,-0.9971651463221133,-1.0364039497953859,0.0
-0.3036726419587842,-0.8851756182473489,0.9560521869461625,0.0
-0.20061620845013922,-1.2650231403722807,-1.9600184351421754,1.0
0.9931208130249984,-0.424446770290643,0.7628647169310192,0.0
-0.3466128225873863,-0.6304158146152826,0.5316455672787482,1.0
-0.3552008587131067,-0.48993772238114847,0.848688418767015,1.0
-0.09755977494149425,-0.36583236816964054,0.7616026036687251,1.0
-0.046031558187171764,-1.0109182462611195,-1.940750172671153,0.0
-0.011679413684290102,-0.41986240364430766,0.8295042971801453,1.0
-0.5956658702332783,1.1718951869154277,0.7861717418413826,1.0
-0.08038370269005342,1.164036272664567,0.7802818799506771,0.0
-0.1834401361986984,0.3555504691072771,-1.3367027653372183,1.0
0.4520745371046123,-0.8953267158213774,0.9610164991111858,0.0
0.12572916432723655,0.03071534673837002,0.32070437070733515,0.0
-0.4153171115931496,0.23210002441667435,-1.255338530361328,0.0
-0.4067290754674292,-0.8589792374111468,0.951424438317751,1.0
-0.5527256896046763,-0.30623560176728065,-0.5884378825651492,1.0
-0.5956658702332783,1.2043132082002281,0.7929030125736177,0.0
-0.5870778341075579,0.26582786474328457,-0.9651366209178482,1.0
-0.5441376534789558,0.6649952177349154,0.6374106586589899,0.0
1.353818330305256,-0.8196846661568434,0.9562204687144684,0.0
-0.5355496173532354,0.8509895216719511,0.7117912002501863,1.0
2.2212099790030178,-1.0787013816747926,-1.967170410295175,0.0
-0.3552008587131067,-0.5501893983044135,0.8587011839812144,0.0
-0.3552008587131067,-0.4444215106782472,0.6438053658546133,1.0
-0.3466128225873863,1.2010386605957029,0.8008122556839937,0.0
-0.4153171115931496,-0.2391073758745125,0.5981168657595685,0.0
-0.2435563890787413,1.4643122879995347,-1.8669586172690271,0.0
-0.44966925609603126,1.4361511786006174,1.0200833997865477,0.0
-0.43249318384459046,0.6427282940241436,0.012328030286821024,0.0
-0.16626406394725757,-0.4326331393019562,0.8311871148632038,1.0
-0.16626406394725757,-0.6261589027293999,0.5090958103257611,0.0
-0.43249318384459046,-0.23550537350953474,0.5982851475278743,1.0
-0.44108121997031086,-0.4657060701076614,0.8157051921790637,1.0
-0.37237693096454755,0.718042888928225,0.023602908763314553,0.0
0.23737363396160194,-0.9840669559040123,0.9759094356062556,0.0
-0.3466128225873863,0.05069008712597416,-1.1684209970313442,1.0
0.0999650559500753,-0.4287036821765259,0.8151162059899929,0.0
-0.277908533581623,0.30970680264392336,-0.9769163446992594,0.0
0.7784199098819881,-0.9676942178813859,0.9730486455450558,0.0
0.35760613972168775,-1.288927337885315,-1.3959379477808855,1.0
-0.6386060508618804,1.2259252223900947,0.811077443550652,0.0
0.2201975617101611,-0.6264863574898524,-1.0931990465986186,1.0
-0.3036726419587842,-0.6255039932084947,0.9023703028565887,0.0
-0.277908533581623,-1.1844692693009589,-1.4217691992158374,1.0
-0.38096496709026795,0.618169186990204,0.7389687058315851,0.0
0.2287855978358815,-0.6965616762266932,-1.092610060409548,1.0
-0.4926094367246333,0.27859860040093315,-1.293875055303373,1.0
-0.4153171115931496,-0.7800626401420876,0.9461235626161161,1.0
-0.32084871421022504,1.0396034636926068,0.5339173711508776,0.0
-0.3552008587131067,-0.3429105349379637,0.7666510567179013,0.0
-0.10614781106721466,-0.7558309878686006,0.9444407449330572,0.0
-0.3466128225873863,-2.1540628150008927,-0.6601259158634515,0.0
0.21160952558444068,-1.2384993047756259,-1.04683741943035,1.0
-0.15767602782153717,-2.0852973153058616,-0.7039633165071317,0.0
0.3232539952188061,0.4406887068249343,0.3340827712876522,1.0
-0.4926094367246333,-0.007596860234575678,0.6908401200961052,1.0
-0.42390514771887,-0.6219019908435169,0.9128879133757059,1.0
-0.277908533581623,-0.47356498435852207,0.8390122170894271,1.0
-0.45825729222175166,-0.7198109642188227,-0.5839784157050436,1.0
-0.38955300321598835,-1.2643682308513755,-1.9582514765749637,1.0
-0.32084871421022504,-0.21913263548690837,0.35940917741768613,0.0
-0.20920424457585965,1.1984190225120825,0.796521070592194,0.0
-0.1834401361986984,1.1797541011662886,0.7908836313539471,1.0
-0.25214442520446173,-0.5190811960614233,0.8525588994380501,1.0
-0.2435563890787413,-0.7826822782257079,0.9475539576467159,0.0
0.05702487532147322,-1.1121017672409503,-1.9533713052940935,0.0
-0.5097855089760742,-0.5819525100683086,0.5416583324929478,1.0
-0.19202817232441882,1.3585444003733684,0.85541968949925,1.0
-0.26932049745590253,1.5776116351161091,-1.78424812814669,0.0
-0.23496835295302088,0.5287740373866642,0.5684992745377346,1.0
-0.43249318384459046,0.7743651077260596,0.38153822994990866,0.0
-0.5183735451017946,-0.3949758418499155,0.6846136946687877,1.0
0.280313814590204,0.924339388013317,0.13374332611950912,0.0
-0.6128419424847191,1.0114423542936894,-0.12111941197973707,1.0
-0.25214442520446173,1.4243628072243264,-1.9573259268492815,1.0
0.014084694692871142,-0.43034095597878846,0.8147796424533813,1.0
0.6581874041219022,-0.4863357200161706,0.6251260895726614,1.0
1.267937969048052,0.4004117712892734,0.5679102883486641,0.0
-0.6300180147361599,-0.8805912516010135,-1.947313161635082,1.0
-0.16626406394725757,-2.159302091168133,-0.6669413274798395,1.0
-0.31226067808450464,1.4161764382130133,0.9987957560958546,1.0
1.207821716168009,-0.6978714952685033,0.9441883222805983,1.0
0.19443345333299986,-0.23616028303043976,0.5695931060317229,0.0
-0.5870778341075579,1.7534548414791162,-1.7006120892986705,1.0
-0.5441376534789558,1.1358751632656499,0.767071761138666,0.0
-0.6386060508618804,1.3726249550728271,0.20105603344185874,1.0
-0.6386060508618804,2.1408338230944564,-0.0015552155984136313,1.0
-0.38955300321598835,-0.37500110146231136,1.0326203915253351,1.0
-0.6386060508618804,-0.4532627892104654,0.8157051921790637,0.0
-0.21779228070158005,-1.012555520063382,-1.9441158080372702,0.0
0.3919582842245694,-2.1000327795262255,-0.6951285236710734,0.0
-0.37237693096454755,0.12273013442553021,-1.1844919059045549,1.0
-0.5527256896046763,-1.2326051190874803,0.04977072373487796,0.0
-0.3466128225873863,0.917462838043814,-0.6098096671399953,0.0
-0.3552008587131067,-0.41069367035163684,0.7170079350676685,0.0
-0.43249318384459046,0.7416196316808069,0.40501353662857803,1.0
-0.3552008587131067,0.005828784943977947,0.692438796895011,0.0
-0.31226067808450464,1.5219443258391794,-1.790979398878925,0.0
2.2469740873801793,-0.1343218525297038,0.5834763519169575,0.0
-0.11473584719293509,-1.3740655756029723,-1.063244891840173,0.0
-0.19202817232441882,0.2779436908800281,0.5670688795071347,0.0
-0.32084871421022504,0.29136933605858173,0.5677420065803582,0.0
-0.6386060508618804,1.3739347741146373,0.19222124060580037,1.0
-0.38096496709026795,1.7269310058824618,-1.6852984483828362,1.0
0.09137701982435488,-0.644823824075194,0.937877755969128,1.0
2.538967315654673,-1.3069373497102041,1.0455780876848875,1.0
-0.32084871421022504,0.10799467020516645,0.712296045555104,0.0
-0.1834401361986984,-0.6893576714967377,0.9375411924325164,1.0
-0.5355496173532354,-0.8809187063614662,-1.9237537140722596,1.0
-0.3466128225873863,0.33754045728238813,0.5409010645355713,1.0
-0.26932049745590253,0.9312159379828202,0.7280303908917032,1.0
-0.08897173881577383,-0.4670158891494715,0.84052675300418,1.0
0.18584541720727943,0.3388502763241982,-1.3076741603044548,0.0
0.014084694692871142,-1.0924544816137987,-1.043135220527621,0.0
-0.16626406394725757,-0.7659820854426289,-1.9202197969378363,0.0
-0.23496835295302088,-1.2221265667529995,0.19129569088011808,1.0
-0.4840214005989129,-0.3691069157741659,0.7151568356163038,0.0
-0.31226067808450464,-0.5645974077643247,0.8691346536161787,1.0
-0.44966925609603126,-0.25875466150166415,0.545360531395677,0.0
-0.3552008587131067,-0.5724563220151854,0.5337490893825716,0.0
-0.4840214005989129,1.0232307256699804,-0.21375852543212073,0.0
-0.10614781106721466,1.376226957437805,0.8531478856271206,1.0
3.6038837952440046,-0.4123309441538995,0.8411998800774034,1.0
-0.3036726419587842,-0.6189548979994443,0.5341697938033364,1.0
0.1686693449558386,-0.42084476792566516,0.8300932833692157,0.0
3.4750632533581984,-1.1019506696669221,1.048943723051005,0.0
-0.42390514771887,-0.7296346070323985,0.9791909300882201,1.0
0.5465429344875369,1.1925248368239372,0.7723726368403011,1.0
-0.4668453283474721,-0.8069139304991948,-1.9097021864187191,1.0
-0.22638031682730048,1.1899051987403166,0.7966893523604998,0.0
4.076225782158628,1.0091501709705217,0.6325304873781198,0.0
-0.05461959431289218,-1.322327723451473,-1.06029996089482,0.0
-0.32943675033594544,-0.020695050652676784,0.5762402358798049,0.0
-0.32084871421022504,-0.4159329465188773,0.7579845456501488,1.0
-0.21779228070158005,-1.413687601617728,-1.9708726091979043,0.0
-0.31226067808450464,0.17741507942110227,0.5504931253290062,0.0
-0.174852100072978,-0.5858819671937389,-1.1222276516313818,0.0
-0.10614781106721466,-0.4224820417279278,0.6653454321977652,0.0
0.11714112820151612,-0.5993076123722927,0.8942927779779066,1.0
-0.5355496173532354,1.4724986570108478,0.9805371842346671,1.0
0.022672730818591558,-0.15888095956364334,0.6154498878950735,1.0
3.7498804093812517,-0.4955044533088414,0.5965181889606627,0.0
-0.037443522061451344,-0.45588242729408557,0.8373293994063684,1.0
-0.38955300321598835,-1.2270383881597875,-0.2502756691544954,1.0
-0.6386060508618804,1.370660226510112,0.19575515774022376,1.0
-0.5870778341075579,-1.253562223756442,-1.9586721809957286,1.0
-0.26073246133018213,-0.1382513096551341,0.7913884766588648,1.0
-0.37237693096454755,-0.9306918299502502,-1.9251841091028594,1.0
-0.14908799169581674,-0.5587032220761792,0.539975514809889,0.0
-0.6386060508618804,2.1424710968967187,-4.0679683660767444e-05,0.0
0.3490181035959673,-1.3573653828198933,-1.971545736271128,1.0
0.7526558015048268,0.719352707970035,0.6266406254874141,1.0
0.5551309706132572,-0.938550744201111,0.9676636289592677,0.0
-0.10614781106721466,-0.3975954799335357,0.8232778717528279,0.0
-0.277908533581623,1.4194509858175386,-1.9639730566973634,1.0
-0.5870778341075579,-0.6680731120673233,-1.113813563216088,0.0
-0.5613137257303966,0.2609160433364967,-1.2068733810892365,1.0
-0.25214442520446173,0.9325257570246303,0.7274414047026327,1.0
1.3452302941795355,0.9338355760664403,0.12819002776541533,1.0
-0.2435563890787413,1.1519204465278237,0.7785149213834655,0.0
-0.5699017618561171,0.15121869858490006,0.5652177800557702,1.0
-0.4067290754674292,-1.6196566459423678,-1.0959756957756654,0.0
-0.1834401361986984,1.058923294559306,0.7355189295813147,0.0
-0.38955300321598835,-0.6074939813836058,-1.1324086986138868,0.0
-0.5441376534789558,-1.3298591829418809,-1.958167335690811,0.0
4.325278829804519,-1.1599101622670194,-0.9940810850664585,1.0
-0.31226067808450464,-0.736183702241449,0.9509195930128335,1.0
-0.44966925609603126,0.5209151231358035,0.5611790176164291,1.0
-0.6214299786104396,1.4747908403340155,0.9975336428335605,1.0
-0.6300180147361599,0.7995791242809043,0.19844766603311767,0.0
-0.43249318384459046,0.9574123188190226,0.7334995483616441,1.0
-0.22638031682730048,0.9335081213059879,0.7263475732086445,1.0
-0.5355496173532354,-1.461495996643797,1.0326203915253351,0.0
-0.174852100072978,1.4934557616798096,0.88865533873966,0.0
-0.5527256896046763,-1.5610422438213654,-1.0990047676051713,0.0
2.6248476769118776,1.3199047386399703,0.7887801092501238,1.0
-0.10614781106721466,-0.4752022581607847,0.8421254298030858,1.0
-0.6386060508618804,2.1421436421362663,-0.00037724322027250833,1.0
-0.44966925609603126,1.6611125990315037,-1.7235825506724225,0.0
1.2249977884194498,-0.7171913261352024,0.9446090267013632,0.0
-0.5699017618561171,1.1623989988623045,0.7824695429386535,1.0
-0.26073246133018213,0.17839744370245983,0.5717807690196992,1.0
-0.32084871421022504,-0.5295597483959043,0.5044680616973496,0.0
0.36619417584740815,0.19182308888101346,0.7562175870829371,0.0
-0.5441376534789558,-0.18933425228572837,0.6035860232295094,1.0
-0.31226067808450464,-1.2437385809428665,-1.955306545629611,1.0
-0.05461959431289218,0.9184452023251716,0.7102766643354336,1.0
-0.38096496709026795,0.14859906050127986,0.5986217110644861,0.0
-0.20920424457585965,1.5039343140142905,0.889917452001954,0.0
-0.0030913775585696872,0.15089124382444755,0.7515898384545256,1.0
-0.5956658702332783,1.1512655370069185,0.771110523578007,0.0
-0.5870778341075579,1.5419190662267837,-1.8126036061062298,0.0
4.574331877450411,-0.4028347561007762,0.5656384844765348,1.0
-0.38096496709026795,-0.8367123137003749,-1.9118898494066956,0.0
-0.43249318384459046,0.10439266784018866,0.7178493439091977,1.0
0.280313814590204,-1.2879449736039577,-1.0393488807407387,1.0
-0.4926094367246333,-0.5547737649507489,0.8666104270915904,1.0
-0.20061620845013922,0.7023250604265036,0.6371582360065311,0.0
1.336642258053815,0.9390748522336809,0.13752966590639132,1.0
-0.32943675033594544,1.4463022761746458,0.9938314439308312,1.0
-0.5355496173532354,1.9076860336522568,-1.724003255093187,1.0
0.014084694692871142,1.1525753560487286,0.7678290290960423,0.0
-0.32084871421022504,-0.9365860156383957,0.9899609632597961,1.0
4.574331877450411,0.3286991787501699,0.7636219848883955,0.0
-0.3552008587131067,-1.0102633367402143,-1.9414232997443763,1.0
-0.26932049745590253,-0.42215458696747526,0.8268117888872514,0.0
-0.3552008587131067,-1.6134350054937698,0.2154441246320109,1.0
0.30607792296736525,-0.09961164792173588,0.6109904210349678,0.0
0.31466595909308565,-0.4381998702296491,0.8360672861440743,1.0
-0.3036726419587842,0.01696224679936387,0.6033336005770507,1.0
1.1219413549108048,0.9318708475037254,0.13307019904628564,0.0
-0.38096496709026795,-0.7633624473590087,-1.9222391781575068,1.0
-0.32084871421022504,-0.5072928246851324,0.8547465624260263,1.0
-0.32943675033594544,-0.5023810032783446,0.8395170623943448,1.0
-0.38955300321598835,1.175824644040858,0.2761938429904314,0.0
3.045661447072178,-1.3203629948887576,1.051467949575593,1.0
-0.3466128225873863,-0.3691069157741659,0.7138947223540097,1.0
-0.10614781106721466,-0.400215118017156,0.745784117447973,1.0
-0.5527256896046763,-0.03968742675892337,-1.1580716682805328,0.0
-0.2435563890787413,0.21147037450816508,0.012159748518515123,1.0
-0.31226067808450464,-0.7050754999984589,0.9363632200543751,1.0
-0.15767602782153717,-0.14414549534327958,0.605352981796721,1.0
0.03126076694431197,0.13812050816679897,0.7226453743059154,0.0
-0.526961581227515,0.39189794751750767,0.5589072137442999,0.0
-0.44966925609603126,0.8667073501736723,-0.2513695006484836,1.0
-0.20920424457585965,-1.265350595132733,-1.0611413697363494,0.0
0.41772239260173066,0.8051458552085972,0.6417859846349427,1.0
0.280313814590204,-0.454900063012728,0.637494799543143,0.0
-0.3380247864616659,1.6971326226812817,-1.7129807992691524,0.0
-0.5183735451017946,-0.6248490836875897,0.5909648906065689,1.0
0.9158284878935147,-1.185779088342769,-1.9620378163618462,0.0
-0.6386060508618804,1.3716425907914696,0.20198158316754103,0.0
-0.5613137257303966,0.8552464335578338,0.04110421266712543,0.0
4.445511335564605,-1.1762829002896458,-0.9906313088161881,0.0
-0.32943675033594544,0.7121487032400795,0.21855733734566962,0.0
-0.32943675033594544,-0.47291007483761704,0.83909635797358,1.0
-0.6386060508618804,-0.9762080416531516,-1.6316165642932623,1.0
0.30607792296736525,1.1303084323379569,0.7340043936665618,0.0
-0.5355496173532354,0.8270853241589166,-1.439691207540413,0.0
-0.1233238833186555,-0.7034382261961963,0.9396447145363398,0.0
-0.20061620845013922,0.9321983022641778,0.7241599102206681,0.0
0.7870079460077085,-0.41134857987254186,0.8157051921790637,1.0
-0.32943675033594544,-2.0155494513294734,-0.6998404131836379,1.0
-0.20061620845013922,0.0687000989508632,-1.1174316212346644,1.0
-0.25214442520446173,1.1957993844284622,0.8016536645255231,1.0
-0.3380247864616659,0.32935408827107493,-1.0492775050707852,0.0
-0.37237693096454755,-0.7764606377771098,0.9441041813964455,0.0
-0.5527256896046763,-1.4100855992527503,-0.005509837153601661,0.0
-0.22638031682730048,0.8300324170029894,0.6512097636600718,0.0
-0.1233238833186555,-0.4490058773245825,0.8062814131539348,0.0
0.4606625732303327,-0.7548486235872431,0.9457028581953513,1.0
-0.3637888948388271,-0.3360339849684606,0.3710206194307915,1.0
-0.21779228070158005,-0.3501145396679193,0.7102766643354336,1.0
-0.37237693096454755,-2.0083454465995176,-0.2634857879665065,1.0
-0.16626406394725757,-0.4971417271111041,0.8512126452916031,1.0
-0.38096496709026795,1.6480144086134025,-1.7452067578997272,0.0
-0.37237693096454755,0.005828784943977947,-0.7828033249584337,1.0
-0.37237693096454755,0.6135848203438686,0.35444486525266294,0.0
-0.5527256896046763,1.2779905293020468,-1.022857267446763,1.0
-0.526961581227515,0.09031211314073,-0.8127574797168794,0.0
-0.08038370269005342,0.33590318348012543,-1.2883217569492795,0.0
-0.38096496709026795,0.5346682230748097,0.7386321422949732,1.0
-0.44966925609603126,1.0572860207570434,0.7075841560425394,0.0
-0.16626406394725757,-0.4987790009133667,0.8517174905965205,1.0
0.21160952558444068,-1.2299854810038602,-1.0461642923571266,1.0
-0.277908533581623,-0.25351538533442375,0.3629430945521095,0.0
0.2287855978358815,-0.46406879630539877,0.6350547139027077,0.0
-0.6386060508618804,1.3736073193541845,0.20189744228338805,1.0
-0.6386060508618804,2.143126006417624,-0.0034904559339311563,1.0
-0.6386060508618804,2.141816187375814,-0.0006296658727312692,1.0
-0.4754333644731925,-0.5754034148592581,0.8822606315440369,1.0
0.4091343564760102,-0.49910645567381917,0.6247053851518966,1.0
-0.43249318384459046,0.8788231763104157,0.7093511146097512,0.0
-0.6386060508618804,1.3781916860005199,0.20315955554568216,1.0
-0.5441376534789558,-0.5943957909655047,0.470559285383716,1.0
-0.5527256896046763,-0.3848247442758872,0.665513713966071,1.0
-0.5613137257303966,1.0982178658136093,0.7482242030884081,0.0
-0.3552008587131067,-0.44245678211553197,-1.1116259002281117,0.0
-0.44108121997031086,0.7095290651564591,0.22024015502872837,0.0
-0.19202817232441882,0.654189210639982,0.7210466975070096,1.0
-0.4840214005989129,-1.2935117045316504,0.5223900700219252,1.0
-0.42390514771887,-0.3000139613186826,0.6873903438458348,1.0
-0.5011974728503538,-1.2588014999236827,-1.9548858412088461,0.0
-0.5956658702332783,1.5952941921805457,0.5556257192623353,0.0
-0.6386060508618804,1.3729524098332797,0.20248642847245868,0.0
-0.2435563890787413,-0.5013986389969869,0.8490249823036266,1.0
-0.5097855089760742,1.4001311549508393,0.8875615072456718,1.0
0.14290523657867737,-0.9578705750678099,-1.0358991044904684,0.0
-0.44966925609603126,0.29366151938174945,0.5492310120667121,1.0
2.770844291049124,-1.3046451663870364,1.0519727948805107,0.0
-0.3552008587131067,-2.085624770066314,-0.6811611369016858,1.0
-0.05461959431289218,0.20000945789232666,-1.2357337043536938,1.0
4.857737069599184,-0.9670393083604807,-1.971125031850363,1.0
-0.32084871421022504,1.0245405447117906,0.7218881063485388,1.0
-0.16626406394725757,1.5943118278991881,-1.7807142110122667,0.0
-0.277908533581623,0.46852236146339904,0.5604217496590527,1.0
-0.5784897979818375,1.0274876375558635,0.15864902782877843,0.0
-0.6386060508618804,1.3736073193541845,0.20198158316754103,1.0
-0.11473584719293509,-1.2597838642050403,-1.060131679126514,1.0
-0.25214442520446173,0.9161530190020039,0.15494682892604922,0.0
-0.3552008587131067,-0.7617251735567462,-1.9216501919684361,0.0
3.045661447072178,0.7448941792853322,0.702788125645822,0.0
-0.6386060508618804,1.3038594553777965,-0.05700405825519909,1.0
-0.10614781106721466,-0.4581746106172533,0.8384232309003566,0.0
-0.38955300321598835,0.4269356068859281,0.5533539153902061,1.0
-0.6386060508618804,2.1401789135735507,0.00046416562125687374,0.0
-0.1404999555700963,-0.18638715944165563,0.5565512689880177,1.0
-0.37237693096454755,0.27303186947324026,0.565386061824076,1.0
-0.6386060508618804,1.373279864593732,0.2014767378626234,0.0
-0.21779228070158005,-0.7705664520889643,0.9451138720062808,0.0
-0.26073246133018213,-2.2480423312507676,-0.6758602612000508,0.0
-0.046031558187171764,-0.49026517714160095,0.8484359961145561,1.0
-0.4754333644731925,-1.5161809416393692,-1.0785585327560074,1.0
-0.174852100072978,1.2016935701166076,0.7909677722381,1.0
-0.2950846058330638,1.4757732046153733,-1.8718387885498975,0.0
-0.6386060508618804,0.2052487340595671,0.5403120783465007,1.0
0.44348650097889186,0.6872621414456872,0.7238233466840563,0.0
-0.6386060508618804,1.3755720479168998,0.2027388511249175,1.0
1.5942833418254276,-0.26301157338754705,0.5688358380743463,0.0
-0.6386060508618804,-0.976535496413604,-1.6316165642932623,0.0
-0.23496835295302088,-0.41888003936295004,0.3981981250121901,0.0
-0.1319119194443759,-0.7116245952075095,0.9388874465789634,1.0
-0.3466128225873863,0.4940638327786962,0.5656384844765348,0.0
-0.11473584719293509,-0.046563976728426444,0.6049322773759563,1.0
-0.3466128225873863,-0.5059830056433223,0.6367375315857666,1.0
1.0532370659050414,0.9338355760664403,0.13492129849765025,0.0
0.07420094757291405,-0.9676942178813859,-1.9372162555367294,0.0
-0.6386060508618804,-0.9775178606949616,-1.6312800007566506,1.0
1.147705463287966,-0.842279044628068,-1.9350285925487531,0.0
-0.277908533581623,0.0009169635371900254,0.6061102497540976,1.0
-0.3552008587131067,1.46758683560406,-1.873942310653721,0.0
0.11714112820151612,-2.0941385938380797,-0.6944553965978499,1.0
-0.4754333644731925,-2.205145757631487,-0.6818342639749094,0.0
3.8958770235184987,-0.4765120772025948,0.5154905175213844,1.0
-0.2950846058330638,0.28711242417269894,0.566900597738829,0.0
-0.3552008587131067,-1.7211676216826512,-0.14787621314037103,0.0
-0.6386060508618804,1.3726249550728271,0.20130845609431755,0.0
0.23737363396160194,0.5533331444206037,0.5691724016109582,0.0
-0.26073246133018213,0.9875381567806548,0.7349299433922439,1.0
-0.4926094367246333,1.7279133701638192,-1.6530724897522613,0.0
-0.19202817232441882,-0.028553964903537447,0.5778389126787107,0.0
-0.4754333644731925,1.1519204465278237,0.7738871727550538,1.0
1.044649029779321,-0.40381712038213374,0.8152844877582989,1.0
-0.37237693096454755,-0.5767132339010682,0.8118347115080286,1.0
4.746092599964819,-0.9509940250983068,-1.9694422141673045,1.0
4.3166907936787995,-1.16514943843426,-0.9934079579932351,1.0
-0.44108121997031086,1.6241102111003682,-1.7571547634494442,1.0
0.24596167008732234,-0.5839172386310237,0.8941244962096009,1.0
-0.1319119194443759,-0.43230568454150364,0.8144430789167696,0.0
-0.26932049745590253,-0.7155540523329398,0.9391398692314222,1.0
-0.44966925609603126,-0.047546341009784034,-1.172543900354838,1.0
-0.3380247864616659,0.12927922963458074,-0.11531369097318443,1.0
-0.26932049745590253,-0.7561584426290532,0.9423372228292337,0.0
-0.20061620845013922,-0.1955558927343264,0.6060261088699446,0.0
-0.4067290754674292,1.0327269137231037,0.5285323545650896,0.0
0.014084694692871142,-0.41134857987254186,0.827148352423863,0.0
4.479863480067486,-0.7257051499069682,0.9853332146313847,1.0
0.9330045601449556,0.7147683413236996,0.7168396532993627,0.0
-0.25214442520446173,0.8712917168200077,0.13088253605830924,1.0
-0.6386060508618804,1.3722975003123745,0.2018133013992352,0.0
-0.5527256896046763,-0.9198858228553168,-1.5301426580048203,1.0
3.7241163010040905,0.6633579439326528,0.7100242416829748,1.0
-0.4668453283474721,0.2952987931840121,-0.9876022369866825,0.0
-0.37237693096454755,-0.7816999139443503,-1.9637206340449047,1.0
-0.2950846058330638,-0.033793241070777885,0.5816252524655928,1.0
-0.5784897979818375,1.191215017782127,0.8072069628796169,0.0
0.7784199098819881,1.0595782040802109,0.7191114571714918,0.0
-0.4840214005989129,1.412901890608488,-1.903391620107249,0.0
-0.2435563890787413,0.8418207883792803,0.7257585870195739,0.0
4.462687407816046,-0.9421527465660887,-1.9670862694110223,1.0
-0.4754333644731925,0.13222632247865349,-0.11413571859504332,1.0
-0.6214299786104396,-0.5007437294760818,0.7733823274501364,1.0
-0.21779228070158005,0.9970343448337781,0.7342568163190206,1.0
-0.4668453283474721,-0.4765120772025948,0.8292518745276865,1.0
1.4053465470595785,1.209225029607016,0.7429233273867731,0.0
-0.42390514771887,1.065144935007904,0.7079207195791514,1.0
-0.3637888948388271,-1.0338400794927962,-1.9332616339815414,0.0
-0.38096496709026795,1.5314405138923026,-1.8053674900690773,0.0
0.048436839195752805,0.4731067281097344,0.5582340866710763,0.0
-0.39814103934170875,0.19968200313187412,0.5886089458502867,0.0
0.15149327270439777,0.3250971763851921,-1.0393488807407387,1.0
-0.6386060508618804,1.0081678066891642,-0.6955492280918381,0.0
-0.4668453283474721,-1.243411126182414,-1.9566527997760579,1.0
-0.32084871421022504,0.8395286050561126,0.7275255455867855,1.0
-0.37237693096454755,-0.6340178169802605,0.09579578736653449,1.0
-0.22638031682730048,1.424690261984779,-1.9624585207826106,0.0
-0.6386060508618804,0.5205876683753509,-0.8454882836523717,1.0
-0.19202817232441882,1.4217431691407063,-1.9585038992274226,1.0
0.838536162762031,0.3398326406055558,-1.0414524028445622,1.0
-0.32084871421022504,-0.5357813888445023,0.5125455865760316,1.0
0.3404300674702469,0.24814530767884813,-1.2416235662443993,1.0
-0.3637888948388271,1.043532920818037,0.7425026229660083,1.0
-0.2435563890787413,-0.39825038945444086,0.575987813227346,1.0
-0.5527256896046763,0.006483694464882988,-0.7882724824283748,0.0
-0.3552008587131067,-0.6451512788356464,0.9246676371571171,1.0
-0.15767602782153717,1.0156992661795723,0.7321532942151971,0.0
0.4091343564760102,-0.7515740759827177,0.9456187173111984,1.0
-0.19202817232441882,-0.7185011451770126,0.9389715874631163,0.0
-0.38096496709026795,1.1663284559877347,-1.5381360419993495,0.0
-0.5613137257303966,0.39091558323615,0.5517552385913002,1.0
-0.4153171115931496,1.5648408994584606,-1.7736463767434199,1.0
-0.3552008587131067,-1.3406651900368143,-1.0667788089745962,1.0
4.402571154936003,-0.5567384935134639,-1.0621510603461846,1.0
-0.3552008587131067,-1.5744678889999189,-1.0904223974215714,1.0
-0.42390514771887,-0.7607428092753886,-1.9383100870307177,1.0
-0.5699017618561171,-1.2440660357033189,-1.9574942086175873,0.0
-0.15767602782153717,0.3751977547344288,-1.3453692764049705,0.0
-0.20920424457585965,-0.6127332575508462,0.9375411924325164,1.0
-0.5613137257303966,0.39582740464293803,-1.7675882330844086,1.0
-0.1404999555700963,-0.024624507778107114,0.577334067373793,1.0
-0.2435563890787413,-0.4421293273550795,0.8283263248020043,0.0
0.0999650559500753,-0.7800626401420876,-1.9174431477607894,1.0
-0.20920424457585965,1.0294523661185784,0.16697897535991926,1.0
-0.25214442520446173,1.183028648770814,0.7889483910184296,1.0
-0.5699017618561171,-0.05213070765611941,-1.1139818449843937,0.0
-0.3552008587131067,-2.048294927374726,-0.4166221971248519,1.0
-0.2435563890787413,0.2900595170167717,-1.2905094199372558,1.0
-0.5527256896046763,-1.9615194158548062,-1.085878789677313,1.0
-0.4067290754674292,-2.2362539598744764,-0.6913421838841912,1.0
-0.38955300321598835,-0.38318747047362456,0.6434688023180014,1.0
-0.5097855089760742,0.30839698360211315,-0.9637903667714012,1.0
-0.4840214005989129,0.7432569054830694,0.7308911809529031,1.0
-0.2950846058330638,0.794994757634569,0.6503683548185424,1.0
-0.6042539063589988,-0.22731900449822154,0.5509979706339238,1.0
-0.3552008587131067,-2.256883609782986,-0.6552457445825813,0.0
-0.5956658702332783,-0.7636899021194612,-1.9202197969378363,1.0
-0.3552008587131067,-0.18704206896256068,0.6043432911868858,1.0
-0.4926094367246333,-0.20014025938066177,0.601482501125686,1.0
0.383370248098849,-0.3953032966103681,0.7401466782097261,1.0
0.6839515124990635,1.3212145576817804,0.8266435071189454,1.0
-0.5441376534789558,-0.25155065677170857,0.5423314595661712,0.0
1.7488679920883952,0.6053984513325554,0.7223088107693034,0.0
0.2631377423387632,-0.10321365028671368,-1.103211811812818,0.0
-0.0030913775585696872,-0.4375449607087441,0.8174721507462752,1.0
-0.06320763043861259,0.6951210556965479,0.7255903052512681,0.0
-0.6386060508618804,1.3742622288750896,0.20172916051508222,0.0
-0.14908799169581674,-0.7882490091534008,-1.9250158273345537,1.0
-0.6386060508618804,0.4953736518205063,0.5525125065486766,0.0
0.8986524156420739,-0.25417029485532877,0.5781754762153224,1.0
-0.4668453283474721,-0.7234129665838005,0.939392291883881,0.0
-0.31226067808450464,-0.6124058027903937,-1.1236580466619817,0.0
-0.277908533581623,0.9282688451387475,0.7436805953441497,0.0
-0.011679413684290102,-1.4962062012517647,1.032788673293641,1.0
-0.3036726419587842,0.994414706750158,0.7344250980873264,1.0
-0.3552008587131067,-2.2598307026270588,-0.6446439931793112,0.0
-0.26932049745590253,0.12567722726960295,0.7421660594293967,1.0
-0.45825729222175166,-0.508930098487395,0.8388439353211213,1.0
-0.1319119194443759,-0.6336903622198079,0.5196975617290313,0.0
-0.174852100072978,-0.4657060701076614,0.7797770346457595,1.0
-0.4668453283474721,-0.09830182887992577,-1.1193668615701817,0.0
-0.21779228070158005,1.006857987647354,0.739052846715738,0.0
-0.4754333644731925,0.3545681048259195,0.5637032441410172,1.0
-0.39814103934170875,-1.0852504768838431,-1.0555880713822556,1.0
-0.5183735451017946,1.263255065081683,0.7255903052512681,0.0
-0.3552008587131067,-0.5217008341450436,0.39845054766464894,1.0
0.048436839195752805,-0.5072928246851324,0.6141877746327794,0.0
-0.3552008587131067,-2.0679422130018774,-1.5463818486463372,1.0
0.8814763433906331,-0.6572671049723898,0.9403178416095632,1.0
-0.3036726419587842,0.792047664790496,0.6484331144830248,0.0
-0.16626406394725757,-0.36157545628375776,0.7112863549452687,0.0
-0.5527256896046763,-0.3206436112271918,0.6724974073507648,1.0
-0.31226067808450464,1.4227255334220636,-1.9531188826416348,0.0
3.1057776999522204,0.7848436600605405,0.6958885731452813,1.0
-0.16626406394725757,-0.047218886249331515,0.5818776751180516,1.0
-0.3380247864616659,-2.2398559622394543,-0.6845267722678033,1.0
4.514215624570368,-0.5724563220151854,-1.0613096515046552,1.0
0.3232539952188061,-0.454245153491823,0.7653889434556073,1.0
-0.6128419424847191,0.8536091597555713,0.041188353551278416,0.0
-0.3552008587131067,-0.13202966920653608,-1.1846601876728609,1.0
-0.5784897979818375,-1.6075408198056242,-1.0930307648303124,0.0
-0.44108121997031086,1.58678036840878,-1.7410838545762333,0.0
-0.20920424457585965,-0.5000888199551768,-1.145871240078357,1.0
4.402571154936003,-0.9699864012045536,-1.9717140180394337,1.0
0.5551309706132572,-0.5063104604037748,0.613514647559556,0.0
-0.174852100072978,-0.6277961765316624,0.5344222164557952,1.0
-0.6128419424847191,-0.4571922463358957,0.8063655540380876,1.0
-0.32943675033594544,-0.8085512043014577,1.0523934993012756,0.0
-0.10614781106721466,1.183683558291719,0.788443545713512,0.0
0.3232539952188061,-0.5194086508218759,0.45507736269957555,1.0
0.984532776899278,-1.401899230241437,1.042296593202923,0.0
1.147705463287966,-1.2574916808818726,-1.9707043274295986,0.0
-0.3552008587131067,-1.3491790138085802,-1.0660215410172198,1.0
-0.6386060508618804,-0.3298123445198626,0.7141471450064686,1.0
-0.6386060508618804,1.3736073193541845,0.20122431521016457,0.0
-0.2864965697073434,-0.21487572360102547,0.6003886696316978,0.0
-0.31226067808450464,0.08081592508760668,-0.989705759090506,1.0
-0.5527256896046763,0.28089078372410087,-0.12280222966279583,1.0
-0.21779228070158005,0.785171114820993,0.19870008868557648,1.0
-0.5527256896046763,1.4774104784176358,0.9984591925592429,0.0
-0.5527256896046763,-2.075473672492286,0.8861311122150718,1.0
-0.6214299786104396,1.1545400846114438,0.7739713136392069,1.0
-0.26932049745590253,0.9898303401038225,0.3033713485718301,1.0
-0.38955300321598835,-0.9290545561479877,-1.9275400538591416,1.0
3.9474052402728215,-0.5947232457259573,0.883354463038025,0.0
0.9931208130249984,0.9351453951082507,0.13576270733917958,0.0
4.385395082684562,-0.4955044533088414,0.5801107165508399,1.0
0.735479729253386,-0.2476211996462782,0.565386061824076,0.0
-0.44966925609603126,1.232146862838693,0.8189025457768753,1.0
-0.22638031682730048,-0.5842446933914763,-1.1241628919668991,1.0
-0.020267449810010517,1.0766058516237424,0.7325739986359617,1.0
-0.5784897979818375,-0.3183514279040241,0.7979514656227938,1.0
-0.32943675033594544,-1.3147962639610646,-1.0655166957123021,1.0
-0.6386060508618804,-0.4905926319020535,-0.2020629425348625,0.0
-0.20920424457585965,0.8323246003261571,0.7240757693365152,0.0
0.6152472234933002,-1.6451981172576648,-1.0661056819013728,1.0
-0.1233238833186555,0.47048709002611416,0.3253321193357467,0.0
0.31466595909308565,0.994414706750158,0.15360057477960226,1.0
-0.37237693096454755,-1.4529821728720311,-1.2935384917667614,1.0
-0.26073246133018213,1.2020210248770604,0.8024109324828995,1.0
-0.5011974728503538,1.067109663570619,0.7092669737255983,1.0
-0.10614781106721466,-0.5875192409960017,0.9015288940150593,1.0
-0.4926094367246333,0.6764561343507539,0.7362761975386909,1.0
-0.020267449810010517,-0.3491321753865617,0.7075841560425394,1.0
0.9673567046478372,-1.005024060572974,-1.0226048447943044,0.0
-0.2435563890787413,-0.4935397247461263,0.785835178304771,0.0
-0.3552008587131067,0.7092016103960066,0.21805249204075197,0.0
-0.5613137257303966,-1.5682462485513209,-1.0921893559887832,1.0
-0.25214442520446173,0.3133088050089011,-1.31011424594489,1.0
-0.5527256896046763,1.1833561035312663,-1.419665677112014,0.0
-0.5527256896046763,-0.8000373805296918,-1.9107118770285543,1.0
-0.3552008587131067,-1.0531599103594955,-1.9353651560853649,0.0
0.06561291144719363,1.203003389158418,0.7846572059266297,0.0
0.735479729253386,0.7566825506616232,0.6326146282622725,0.0
-0.4668453283474721,0.8493522478696883,0.7112863549452687,1.0
-0.43249318384459046,-2.2500070598134827,-0.6774589379989566,0.0
-0.25214442520446173,-0.5645974077643247,-1.1271919637964047,1.0
-0.6300180147361599,1.013079628095952,-0.28452100900474075,1.0
-0.2864965697073434,1.042878011297132,0.1876776328615417,1.0
-0.32943675033594544,0.19804472932961148,0.5844019016426398,1.0
-0.26073246133018213,-0.9902885963526102,-1.0556722122664084,0.0
-0.5527256896046763,-1.7673387429064575,0.9276125681024697,1.0
-0.5355496173532354,-2.3377649356147603,-0.9783467397298594,0.0
-0.22638031682730048,1.0258503637536005,-0.2692915089730592,1.0
-0.1404999555700963,-0.47782189624440496,0.8392646397418859,0.0
-0.20920424457585965,-0.14676513342689979,0.6154498878950735,1.0
0.4520745371046123,-0.7702389973285119,0.9483112256040923,0.0
-0.6128419424847191,0.3208402644993093,-1.3144054310366897,0.0
-0.6386060508618804,1.3726249550728271,0.2023181467041527,1.0
-0.44966925609603126,-0.47225516531671197,0.8130968247703226,0.0
-0.6300180147361599,0.6365066535755456,0.2851127767106428,0.0
-0.5784897979818375,0.9259766618155798,-1.4740206882748115,0.0
0.735479729253386,-0.03674033391485063,-1.0770439968412544,1.0
0.8814763433906331,-0.8223043042404636,-1.9266986450176125,0.0
0.18584541720727943,-0.04459924816571129,0.6045957138393446,1.0
-0.4840214005989129,1.4341864500379022,1.019494413597477,0.0
0.005496658567150727,-0.41331330843525704,0.825802098277416,0.0
-0.22638031682730048,-0.30852778509044826,0.3776677492788735,1.0
0.6152472234933002,-1.383234308895643,-1.947397302519235,0.0
-0.6386060508618804,-2.1622491840122056,-0.5519207388427747,1.0
-0.2864965697073434,-0.43852732499010166,0.8166307419047458,1.0
-0.3552008587131067,-0.4381998702296491,0.6653454321977652,0.0
-0.20061620845013922,1.5157226853905814,-1.8294317829368172,1.0
0.005496658567150727,-0.27774703760791075,0.5662274706656053,1.0
-0.277908533581623,1.161416634580947,0.775233426901501,0.0
-0.4926094367246333,-0.22273463785188616,0.5997996834426272,1.0
-0.3637888948388271,-1.124217593377694,-1.0660215410172198,0.0
-0.38955300321598835,-0.5878466957564541,0.5248301556623604,1.0
3.217422169586586,-0.5007437294760818,0.598789992832792,0.0
-0.1404999555700963,0.30741461932075564,-1.3038036796334196,1.0
-0.1404999555700963,1.194817020147105,0.7902946451648767,0.0
-0.39814103934170875,-0.7302895165533035,0.9435993360915279,1.0
-0.3380247864616659,1.4711888379690379,-1.8333864044920052,0.0
-0.6128419424847191,-0.7388033403250692,0.9465442670368807,1.0
-0.6214299786104396,-1.753913097727904,0.34729289009966324,1.0
-0.26932049745590253,0.529428946907569,0.5677420065803582,1.0
-0.3552008587131067,-0.8537399612439063,-1.9135726670897542,0.0
-0.23496835295302088,0.7972869409577367,0.6471710012207309,0.0
-0.4840214005989129,0.9109137428347636,0.6947947416512932,0.0
-0.4153171115931496,1.0314170946812937,0.1574710554506373,1.0
-0.3552008587131067,-2.053206748781514,-0.7843178608731866,1.0
-0.32943675033594544,-0.16477514525178882,-1.0916845106838655,0.0
-0.6386060508618804,1.1679657297899977,0.7706056782730893,0.0
-0.4926094367246333,-1.2902371569271254,-1.029504397294845,1.0
-0.6386060508618804,1.2121721224510886,-1.521139583400456,1.0
-0.32084871421022504,-0.42608404409290557,0.3993760973903312,1.0
-0.32943675033594544,1.4187960762966334,1.0402772119832526,0.0
-0.011679413684290102,-0.05082088861430929,0.6033336005770507,0.0
-0.3552008587131067,-2.0132572680063054,0.8764549105374843,1.0
-0.5527256896046763,-1.4395565276934776,-0.6057709047006543,0.0
-0.26932049745590253,1.479375206980351,-1.8238784845827234,0.0
-0.26073246133018213,1.4489219142582659,0.8753610790434958,1.0
-0.2864965697073434,-0.6019272504559128,0.9045579658445649,1.0
-0.3036726419587842,1.1077140538667325,0.7453634130272082,1.0
-0.3552008587131067,-0.4142956727166146,-1.3517639836005937,1.0
-0.174852100072978,-0.2600644805434743,0.5982010066437214,1.0
-0.3637888948388271,-0.03215596726851523,0.5803631392032987,1.0
-0.277908533581623,-0.5724563220151854,0.5424997413344771,0.0
0.17725738108155903,-0.5947232457259573,0.893956214441295,1.0
4.995145647610712,0.006811149225335508,0.5793534485934635,0.0
-0.5527256896046763,0.9701830544766711,-0.6085475538777012,1.0
-0.3552008587131067,-1.339682825755457,-1.0645070051024668,1.0
-0.38955300321598835,1.5982412850246186,-1.6056170310900049,0.0
-0.1233238833186555,-0.5816250553078562,0.45078617760777573,0.0
-0.5784897979818375,1.8827994718578644,-1.7247605230505636,0.0
0.5293668622360961,-0.7201384189792751,0.9434310543232219,0.0
-0.31226067808450464,0.19280545316237102,0.583981197221875,0.0
-0.09755977494149425,-0.0917527336708752,0.3483025807094985,0.0
-0.6386060508618804,-0.976535496413604,-1.6311117189883446,0.0
0.19443345333299986,-0.9035130848326905,0.960764076458727,1.0
-0.44966925609603126,1.5468308876335717,0.9010240487101417,1.0
-0.26073246133018213,0.027440799133844757,-1.1613531627624973,0.0
-0.4067290754674292,1.2589981531957999,0.725674446135421,1.0
4.4970395523189275,-0.5570659482739166,-1.0623193421144905,0.0
2.0752133648657707,0.2818731480054585,0.7620233080894897,1.0
0.19443345333299986,-0.5934134266841472,0.8926941011790008,1.0
-0.5870778341075579,-0.3393085325729859,0.5979485839912626,0.0
-0.20061620845013922,-0.13268457872744113,0.3504061028133219,1.0
-0.4668453283474721,-0.7545211688267905,-1.9187052610230835,0.0
-0.5699017618561171,-0.22502682117505385,0.5560464236831,1.0
-0.3552008587131067,1.1728775511967855,0.778851484920077,0.0
-0.1233238833186555,-0.8376946779817326,-1.0617303559254199,1.0
0.005496658567150727,0.32935408827107493,-1.042882797875162,0.0
0.2631377423387632,-2.0961033224007948,-0.6923518744940265,0.0
-0.3552008587131067,-1.971997968189287,-0.22393957241462611,0.0
-0.32084871421022504,-0.7600878997544834,-1.9221550372733538,1.0
-0.3036726419587842,-1.0109182462611195,-1.055083226077338,1.0
-0.26073246133018213,0.19215054364146597,0.5902917635333452,1.0
-0.5699017618561171,-1.8171118664952417,-0.19061978229006307,1.0
-0.3552008587131067,-1.3013706187825111,0.020237273397197084,1.0
0.280313814590204,0.1924779984019185,0.7611818992479603,1.0
-0.19202817232441882,-0.4752022581607847,0.841873007150627,1.0
-0.3380247864616659,0.922374659450602,0.11834554431952167,0.0
-0.3552008587131067,-1.9254993922050283,0.7090986919572924,1.0
-0.4153171115931496,-0.4585020653777059,0.8244558441309691,0.0
-0.020267449810010517,-0.06424653379286292,0.5992106972535566,0.0
-0.2950846058330638,-0.533161750760882,0.513302854533408,0.0
-0.2950846058330638,-1.0515226365572328,-1.9426854130066704,1.0
-0.5784897979818375,-0.3360339849684606,-0.2699646360462827,1.0
4.402571154936003,-0.9768629511740566,-1.9727237086492688,1.0
-0.4754333644731925,-0.6153528956344664,0.9197874658762466,1.0
-0.6386060508618804,1.3742622288750896,0.20248642847245868,0.0
-0.39814103934170875,-0.2076717188710699,-1.1296320494368401,0.0
-0.3552008587131067,1.4833046641057812,-1.8229529348570412,0.0
0.383370248098849,-0.6494081907215292,0.9393081509997282,0.0
-0.5870778341075579,1.1407869846724377,-0.352338561632008,1.0
-0.2864965697073434,-2.2614679764293215,-0.7818777752327514,0.0
-0.037443522061451344,-0.934293832315228,-1.0420413890336326,0.0
-0.5784897979818375,1.277008165020689,0.8320285237047335,1.0
-0.3552008587131067,-0.6173176241971815,0.5406486418831125,1.0
-0.3552008587131067,-2.028975096508027,0.8787267144096134,1.0
-0.21779228070158005,1.162726453622757,0.7713629462304659,0.0
-0.26073246133018213,1.492473397398452,0.9680001924958797,0.0
-0.4926094367246333,-1.0138653391051922,0.9733852090816675,1.0
-0.1319119194443759,-0.431323320260146,0.8139382336118519,1.0
-0.5355496173532354,-0.9303643751897978,-1.92577309529193,0.0
0.24596167008732234,0.09162193218254008,-0.989621618206353,0.0
-0.3380247864616659,0.9927774329478954,0.7387162831791263,0.0
-0.6386060508618804,0.16431688900300118,0.5959292027715921,0.0
-0.2950846058330638,-1.3308415472232387,-1.0647594277549257,1.0
-0.5527256896046763,0.5238622159798761,0.597443738686345,0.0
-0.3552008587131067,-0.8105159328641727,-1.9094497637662604,0.0
0.0999650559500753,1.2400057770895534,-0.2372338321107902,0.0
0.7698318737562676,-0.47683953196304735,0.6330353326830374,1.0
4.479863480067486,-0.9424802013265412,-1.9654034517279633,1.0
0.383370248098849,-0.7947981043624515,-1.0650118504073844,0.0
-0.26073246133018213,-0.20145007842247187,0.6015666420098389,0.0
-0.3552008587131067,-0.6923047643408102,0.9373729106642105,1.0
0.4091343564760102,-0.2659586662316198,-1.1234056240095227,1.0
0.005496658567150727,0.33688554776148305,-1.2746909337165035,0.0
-0.6300180147361599,-0.22142481881007603,0.6009776558207683,0.0
-0.046031558187171764,-0.4955044533088414,0.43067650629522375,1.0
1.6801637030826317,-1.2823782426762647,-1.9721347224601984,1.0
-0.5527256896046763,-0.7640173568799138,0.9392240101155751,1.0
2.161093726122975,-1.036132262815964,-1.9622902390143049,1.0
-0.3380247864616659,-0.86716560642246,0.952770692464198,1.0
-0.32084871421022504,0.24028639342798752,-0.8472552422195835,1.0
0.2889018507159244,-0.26235666386664197,0.5731270231661462,1.0
0.3232539952188061,-0.38777183711995994,-1.1223117925155346,1.0
1.0618251020307619,-0.13988858345739674,0.5908807497224159,1.0
-0.4926094367246333,0.6623755796512952,0.4128386388548012,1.0
-0.5699017618561171,1.4204333500988962,0.9998895875898427,1.0
-0.5441376534789558,0.6689246748603459,-0.017962688008236312,0.0
-0.44966925609603126,1.5926745540969256,-1.7427666722592923,1.0
-0.38096496709026795,1.6339338539139439,-1.6183223045970982,0.0
0.42631042872745106,1.312373279149562,0.8263910844664866,1.0
-0.26073246133018213,1.4207608048593487,-1.9640571975815164,1.0
-0.6386060508618804,1.304841819659154,-0.057340621791810834,1.0
0.43489846485317146,-0.7640173568799138,-1.0654325548281491,0.0
0.35760613972168775,-0.4162604012793298,0.8155369104107577,1.0
-0.19202817232441882,-0.3671421872114507,0.7355189295813147,1.0
1.3194661858023744,-0.43852732499010166,0.7727933412610656,1.0
-0.3466128225873863,1.142096803714248,0.199289074874647,0.0
-0.20920424457585965,-0.5344715698026921,0.559916904354135,1.0
-0.5011974728503538,1.0707116659355969,0.5697613878000287,0.0
-0.21779228070158005,-0.4598118844195159,0.7897056589758061,1.0
-0.6042539063589988,-0.4830611724116454,0.8152003468741461,1.0
-0.20920424457585965,0.8352716931702296,0.7239074875682092,1.0
1.070413138156482,-0.2577722972203066,0.5754829679224285,1.0
-0.26932049745590253,0.5818217085799735,0.6191520867978028,0.0
1.559931197322546,-0.7810450044234453,-1.9348603107804472,0.0
-0.6386060508618804,2.077962509087571,-0.5494806532023394,1.0
-0.6300180147361599,-0.7862842805906858,-1.9176955704132481,1.0
3.8014086261355744,-0.4205173131652127,0.5926477082896275,0.0
-0.020267449810010517,-0.45948442965906344,0.7849937694632416,1.0
-0.6386060508618804,-0.33439671116619796,0.7251696008305033,1.0
-0.16626406394725757,-0.4706178915144493,0.7802818799506771,1.0
-0.6386060508618804,1.3749171383959948,0.20290713289322335,1.0
2.985545194192135,-0.8730597921106055,-1.9601025760263284,0.0
-0.21779228070158005,-2.1416195341036963,-0.6788893330295566,1.0
-0.3637888948388271,-0.6261589027293999,0.4443073295279996,0.0
0.09137701982435488,-0.6778967548808992,-1.1018655576663707,0.0
-0.3552008587131067,-1.276484056988119,-1.0300933834839157,0.0
-0.0030913775585696872,0.9335081213059879,0.184648561032036,0.0
-0.31226067808450464,1.146681170360583,0.7680814517485012,1.0
-0.6386060508618804,1.3736073193541845,0.20214986493584688,0.0
-0.2435563890787413,-0.07930945277367918,0.6020714873147565,1.0
-0.44966925609603126,-1.6275155601932285,1.0045173362182542,1.0
4.445511335564605,-1.1821770859777911,-0.9934079579932351,0.0
-0.2864965697073434,1.349048212320245,0.8447337972118268,1.0
-0.5527256896046763,1.0179914495027398,-0.09150182075790328,0.0
-0.26932049745590253,-0.026589236340822265,0.24750180149427994,1.0
-0.26932049745590253,0.38764103563162483,-0.9341727755495675,0.0
0.4091343564760102,-0.425101679811548,0.8307664104424394,1.0
0.6238352596190206,-1.538447865350141,1.0123424384444772,0.0
-0.5097855089760742,1.0094776257309743,-0.23849594537308422,1.0
-0.037443522061451344,-0.26137429958528435,0.5883565231978278,1.0
0.2287855978358815,-0.2806941304519835,0.5752305452699696,1.0
-0.4153171115931496,0.12240267966507763,0.7543664876315724,0.0
-0.37237693096454755,1.447612095216456,1.0118375931395596,1.0
-0.32084871421022504,-0.45588242729408557,0.7691752832424895,1.0
-0.5355496173532354,-0.49910645567381917,0.8474263055047208,0.0
-0.19202817232441882,1.1080415086271849,0.739221128484044,1.0
-0.3380247864616659,0.7707631053610818,0.38212721613897915,1.0
-0.6386060508618804,1.304841819659154,-0.057424762675963754,1.0
-0.3552008587131067,-0.6166627146762765,0.9197033249920937,0.0
-0.5097855089760742,0.8064556742504074,0.4151104427269305,0.0
-0.1319119194443759,-0.4657060701076614,0.8389280762052742,1.0
-0.526961581227515,0.9423493998382062,-0.0008820885251900897,0.0
-0.3552008587131067,-0.44114696307372187,-1.1124673090696409,1.0
-0.45825729222175166,-0.3713990990973336,0.7435964544599964,0.0
0.21160952558444068,-0.8455535922325931,-1.9309056892252592,1.0
-0.174852100072978,-0.4545726082522755,0.4123337935498836,1.0
-0.6386060508618804,2.057660313939514,-0.012577671422448339,1.0
-0.43249318384459046,1.5314405138923026,0.8984998221855535,1.0
-0.3552008587131067,-2.235271595593119,-0.6892386617803677,1.0
-0.6386060508618804,1.3745896836355422,0.20248642847245868,0.0
-0.25214442520446173,-0.988323867789895,0.9723755184718322,1.0
0.5637190067389777,-0.0701407194810084,0.6063626724065563,1.0
-0.37237693096454755,1.0563036564756856,0.7078365786949983,0.0
-0.1319119194443759,-0.42084476792566516,0.8281580430336983,1.0
-0.3380247864616659,-0.9922533249153255,-1.4210960721426138,1.0
-0.38096496709026795,0.04381353715647112,0.5944988077409922,1.0
-0.6128419424847191,-1.262730957049113,-1.9615329710569285,1.0
-0.6214299786104396,1.712195541662098,-1.6964891859751767,1.0
-0.25214442520446173,0.37323302617171356,0.5649653574033113,1.0
-0.3637888948388271,-0.7024558619148387,0.9392240101155751,1.0
-0.5956658702332783,1.3772093217191625,1.0380054081111232,0.0
-0.5613137257303966,0.8126773146990054,0.4137641885804835,0.0
1.104765282659364,-0.729962061792851,0.9455345764270453,0.0
-0.25214442520446173,-0.47716698672349994,0.4247866444045183,1.0
-0.5011974728503538,1.0605605683615686,-0.10715202521034956,0.0
-0.4926094367246333,-0.4650511605867564,0.7894532363233473,1.0
-0.44108121997031086,-0.23092100686319933,-0.6867985761399327,0.0
-0.4754333644731925,0.679075772434374,-0.023515986362330186,1.0
0.24596167008732234,-0.46406879630539877,0.7719519324195363,1.0
-0.2435563890787413,0.26615531950373716,0.563955666793476,1.0
0.21160952558444068,-0.5456050316580782,0.5812886889289811,1.0
-0.44108121997031086,0.9947421615106107,-0.27223643991841195,1.0
-0.5011974728503538,1.618543480172675,-1.757575467870209,0.0
-0.16626406394725757,-0.4585020653777059,0.8001391286107702,1.0
-0.19202817232441882,1.4721712022503954,0.8825971950806485,1.0
-0.45825729222175166,-1.6268606506723233,0.9854173555155376,0.0
0.8643002711391922,0.40892559506103904,0.5656384844765348,0.0
-0.3552008587131067,-0.40872894178892166,0.7179334847933508,1.0
-0.42390514771887,1.5877627326901376,-1.7573230452177502,0.0
-0.6386060508618804,1.3749171383959948,0.20248642847245868,1.0
-0.2864965697073434,0.08441792745258446,0.7239916284523623,1.0
4.789032780593422,-0.016438138766793932,0.5793534485934635,0.0
-0.14908799169581674,-0.5056555508828697,0.8506236591025323,1.0
-0.6300180147361599,0.8431306074210904,-0.26903908632060036,0.0
-0.4153171115931496,0.14728924145946976,0.5009341445629263,1.0
-0.6042539063589988,-0.5868643314750965,0.8884029160872011,0.0
-0.2864965697073434,-0.5282499293540942,0.5042156390448908,1.0
-0.5097855089760742,0.9515181331308771,0.3434224094286282,1.0
-0.6386060508618804,1.3745896836355422,0.20349611908229384,1.0
0.42631042872745106,-0.7577957164313157,0.9467125488051865,0.0
-0.32943675033594544,-0.5829348743496663,-1.0977426543428768,1.0
-0.26073246133018213,-1.1212705005336212,-1.9410867362077646,0.0
0.2717257784644836,-0.507620279445585,0.621339749785779,0.0
-0.5613137257303966,-0.4977966366320091,0.796521070592194,0.0
-0.6128419424847191,-0.3573185443978749,0.7128850317441744,1.0
-0.31226067808450464,-0.3985778442148933,0.8228571673320633,1.0
-0.26932049745590253,-0.44867842256413004,0.8179769960511929,1.0
-0.5011974728503538,1.1041120515017546,0.7517581202228314,1.0
-0.2950846058330638,1.1581420869764216,0.7666510567179013,1.0
0.35760613972168775,-0.44180187259462694,0.80586070873317,1.0
-0.22638031682730048,-1.3786499422493077,-1.0687140493101137,1.0
-0.4754333644731925,-1.720512712161746,0.9484795073723981,1.0
0.2287855978358815,-0.46996298199354425,0.6378313630797547,1.0
-0.5870778341075579,1.4754457498549207,0.9044738249604121,1.0
-0.3380247864616659,1.0762783968632899,0.7102766643354336,1.0
-0.45825729222175166,0.35915247147225493,0.5487261667617944,1.0
-0.19202817232441882,-0.020695050652676784,0.577418208257946,1.0
-0.3036726419587842,-0.3622303658046628,0.7832268108960299,0.0
0.14290523657867737,-0.1634653262099787,0.597359597802192,1.0
-0.4668453283474721,0.28220060276591097,-1.2894997293274204,0.0
-0.3552008587131067,-0.3730363728995962,0.6793128189671528,0.0
-0.020267449810010517,-1.28565279028079,-1.9569893633126696,1.0
-0.6128419424847191,0.5418722278047652,0.3705157741258739,1.0
4.222222396295875,1.1096787824294476,0.6390934763420488,1.0
0.2889018507159244,0.2972635217467272,-1.2581151795383747,0.0
4.016109529278585,0.04152135383330342,0.5806155618557576,1.0
-0.42390514771887,-0.7489544378990977,-1.9162651753826483,1.0
-0.5097855089760742,2.0802546924107386,-0.5492282305498806,0.0
-0.6386060508618804,0.9701830544766711,-1.4616519783043294,0.0
-0.011679413684290102,-0.8966365348631874,-1.0454070243997502,0.0
0.005496658567150727,-0.4290311369369783,0.8399377668151096,1.0
-0.25214442520446173,-1.4811432822709487,1.0467560600630286,1.0
-0.3552008587131067,-2.24051087176036,-0.6716532169924039,0.0
-0.5011974728503538,-1.3940403159905763,-1.964562042886434,0.0
-0.5097855089760742,-0.37074418957642846,1.0306010103056649,1.0
-0.6386060508618804,1.5065539520979108,-1.8395286890351696,0.0
-0.6386060508618804,1.3713151360310172,0.20198158316754103,1.0
-0.3552008587131067,-1.8767086328976017,0.9186094934981056,0.0
-0.2950846058330638,-2.2447677836462425,-0.6766175291574272,1.0
-0.3466128225873863,0.5618469681923693,-1.3838216604628626,1.0
-0.3552008587131067,-0.6255039932084947,0.5085909650208434,0.0
-0.3466128225873863,1.058923294559306,-0.2245285586036967,1.0
3.7842325538841335,-1.04595590562954,-1.9749113716372455,0.0
-0.2864965697073434,1.1617440893413995,0.7817122749812769,0.0
-0.3552008587131067,1.4276373548288517,1.0176433141461125,1.0
-0.45825729222175166,0.7543903673384554,-0.8114953664545853,1.0
-0.38955300321598835,0.48194800664195264,0.5715283463672404,0.0
-0.1834401361986984,-0.460466793940421,0.8374135402905213,1.0
-0.2435563890787413,-0.9794825892576768,0.9690940239898678,1.0
-0.5527256896046763,1.04778983270392,-0.2568386581184245,1.0
0.9501806323963964,-0.043616883884353704,0.5961816254240508,1.0
-0.3552008587131067,-0.37238146337869116,0.7121277637867982,1.0
-0.4668453283474721,1.281265076906572,0.8317761010522746,1.0
0.24596167008732234,-2.09806805096351,-0.6962223551650616,0.0
-0.21779228070158005,0.932853211785083,0.7247488964097387,1.0
-0.3036726419587842,0.35325828578410945,0.5548684513049589,0.0
-0.5011974728503538,1.4417179095283104,1.0520569357646636,1.0
-0.21779228070158005,1.4610377403950094,-1.8767189598307679,1.0
0.3490181035959673,-0.06784853615784073,0.5924794265213217,0.0
-0.44966925609603126,-0.2951021399118947,0.7704373965047834,1.0
-0.5183735451017946,1.6008609231082387,-1.746805434698633,1.0
-0.3466128225873863,-0.6173176241971815,0.9347645432554694,1.0
-0.45825729222175166,1.2704590698116385,0.7276096864709384,0.0
-0.32084871421022504,-0.9333114680338703,-1.9261096588285418,1.0
-0.32943675033594544,-0.32490052311307466,-1.1435152953220746,1.0
-0.5355496173532354,-0.006614495953218117,-1.1147391129417703,0.0
-0.174852100072978,-0.6104410742276785,0.8981632586489419,1.0
0.18584541720727943,-0.47716698672349994,0.39365451726793155,0.0
-0.45825729222175166,1.1175376966803083,0.24960532359810336,1.0
-0.1834401361986984,1.3205596481608752,0.836740413217298,1.0
1.001708849150719,-0.935603651357038,-1.9456303439520233,1.0
-0.37237693096454755,-0.5518266721066761,0.8669469906282021,1.0
-0.14908799169581674,-2.2188988575704927,-0.683601222542121,1.0
-0.38096496709026795,-0.27545485428474303,-0.5032031669182241,0.0
-0.23496835295302088,0.92728648085739,0.12431954709438015,1.0
-0.6386060508618804,1.3722975003123745,0.20130845609431755,1.0
-0.4153171115931496,-0.39399347756855796,0.6141036337486265,1.0
0.5207788261103756,1.3454462099552673,0.8303457060216746,0.0
-0.6214299786104396,1.0536840183920655,-0.25380958628891875,0.0
0.675363476373343,-0.003667403109145376,0.60131421935738,0.0
3.011309302569296,-0.4820788081302878,0.6043432911868858,0.0
-0.6386060508618804,2.0589701329813246,-0.011652121696766037,0.0
-0.39814103934170875,1.4957479450029774,0.966149093044515,1.0
-0.5527256896046763,-0.22273463785188616,0.3305488541532288,0.0
-0.1834401361986984,-0.8881227110914217,0.9573143002084565,1.0
-0.6386060508618804,1.3736073193541845,0.2024022875883057,0.0
-0.06320763043861259,-0.2725077614406703,0.5874309734721455,0.0
-0.32943675033594544,1.0736587587796695,0.7408198052829497,1.0
-0.3637888948388271,-0.10616074313078643,0.6120001116448032,1.0
4.7632686722162605,-0.9483743870146867,-1.9680959600208574,0.0
-0.19202817232441882,-2.09544841287989,-0.6931932833355559,1.0
-0.5613137257303966,0.8657249858923147,-1.458538765590671,0.0
-0.38955300321598835,0.34638173581460635,-1.3229878012202894,0.0
-0.3552008587131067,-0.9303643751897978,-1.9264462223651535,1.0
-0.6386060508618804,-0.46832570819128166,0.8099836120566639,1.0
-0.4067290754674292,1.1221220633266435,0.7366127610753028,0.0
-0.5870778341075579,1.7757217651898882,-1.5076770419359862,0.0
-0.32943675033594544,0.2831829670472686,0.5660591888972994,1.0
-0.26073246133018213,1.2013661153561552,0.7915567584271708,0.0
-0.3552008587131067,-0.5871917862355491,0.8891601840445776,1.0
-0.3552008587131067,-0.6366374550638808,0.5325711170044305,0.0
-0.526961581227515,1.563858535177103,-1.7742353629324905,0.0
0.06561291144719363,1.7089209940575727,-1.7478992661926211,0.0
-0.3552008587131067,-2.252954152657556,-0.6667730457115336,0.0
-0.38955300321598835,1.5124481377860561,0.9573143002084565,1.0
-0.1834401361986984,0.7239370746163705,0.7340043936665618,1.0
-0.6386060508618804,1.3716425907914696,0.2024022875883057,1.0
-0.6386060508618804,1.3742622288750896,0.20071946990524694,0.0
-0.5011974728503538,-1.2489778571101067,-1.9590087445323403,0.0
-0.21779228070158005,0.6387988368987133,0.6198252138710263,1.0
-0.2864965697073434,0.659755941567675,0.6277344569814024,0.0
-0.23496835295302088,0.49799328990412656,0.5644605120983937,0.0
0.21160952558444068,1.4698790189272277,0.8776328829156252,0.0
-0.2435563890787413,1.4230529881825162,-1.9270352085542244,0.0
-0.10614781106721466,-0.4146231274770672,0.8267276480030983,1.0
-0.6386060508618804,1.3716425907914696,0.2015608787467764,0.0
0.5207788261103756,-0.6517003740446969,0.9394764327680338,1.0
-0.6300180147361599,0.5353231325957145,0.324827274030829,1.0
-0.20061620845013922,-1.313813899679707,-1.0628241874194082,0.0
-0.10614781106721466,-0.47225516531671197,0.13332262169874445,0.0
4.230810432421595,1.112298420513068,0.6401031669518841,0.0
-0.6386060508618804,1.3729524098332797,0.2014767378626234,0.0
-0.31226067808450464,-0.6091312551858684,0.9371204880117516,1.0
-0.3552008587131067,-1.2705898712999737,-1.9614488301727753,0.0
-0.6386060508618804,1.3713151360310172,0.20004634283202347,0.0
-0.39814103934170875,-1.2394816690569834,-1.0628241874194082,0.0
-0.32084871421022504,0.2176920149567631,-1.2470085828301871,1.0
0.048436839195752805,-0.26301157338754705,0.5821300977705104,1.0
-0.3637888948388271,-0.42575658933245314,0.6316890785365904,0.0
-0.25214442520446173,1.4204333500988962,-1.9706201865454456,1.0
-0.45825729222175166,-1.10817231011552,-1.9420964268176,0.0
-0.4067290754674292,-0.4437666011573421,0.8090580623309815,0.0
-0.37237693096454755,1.3798289598027826,-1.5499999066649135,1.0
-0.23496835295302088,0.5058522041549872,0.74713037159442,1.0
-0.26932049745590253,-0.9349487418361332,0.9625310350259387,0.0
-0.5527256896046763,0.5526782348996985,-0.8515464273113832,1.0
-0.44108121997031086,-1.203134190646753,-1.9546334185563874,0.0
-0.22638031682730048,-0.5603404958784418,-1.1253408643450404,0.0
-0.6042539063589988,1.647032044332045,-1.73468914738061,0.0
-0.32943675033594544,0.2815456932450059,-1.2848719806990088,0.0
-0.3552008587131067,-0.5862094219541915,0.8882346343188952,0.0
-0.1319119194443759,-0.7106422309261519,0.9409068277986339,0.0
-0.6386060508618804,-1.9467839516344425,-0.2182179922922264,0.0
0.9330045601449556,-0.5053280961224172,0.6166278602732145,0.0
-0.011679413684290102,-0.3583009086792325,0.7103608052195864,0.0
-0.3552008587131067,-1.9808392467215055,0.8816716453549661,1.0
-0.20061620845013922,1.6286945777467035,0.9141500266379999,0.0
-0.38955300321598835,1.3952193335440515,-1.9027184930340253,0.0
-0.25214442520446173,1.4947655807216198,0.8883187752030482,1.0
-0.3552008587131067,-0.40938385130982674,0.7153251173846098,0.0
0.24596167008732234,-0.8714225183083427,-1.045827728820515,0.0
-0.38955300321598835,-0.4591569748986109,0.8356465817233095,0.0
-0.3552008587131067,-0.401524937058966,-1.3208842791164659,1.0
0.1686693449558386,-2.1095289675793487,-0.6896593662011324,1.0
-0.26073246133018213,0.9132059261579313,0.7251696008305033,1.0
0.05702487532147322,-0.047546341009784034,0.6035860232295094,1.0
-0.046031558187171764,-0.6713476596718485,0.9386350239265046,0.0
-0.6386060508618804,1.3739347741146373,0.20122431521016457,0.0
-0.3552008587131067,-2.2103850337987274,-0.6353043550383352,0.0
-0.6386060508618804,1.3077889125032267,-0.05759304444426965,0.0
-0.3380247864616659,0.16202470567983346,0.5971913160338862,0.0
-0.2864965697073434,0.30806952884166067,-0.9836476154314945,0.0
0.3404300674702469,-0.08946055034770752,0.6095600260043679,0.0
-0.21779228070158005,1.1548675393718963,0.7995501424216996,0.0
-0.08897173881577383,-1.0109182462611195,-1.943358540079894,1.0
-0.6386060508618804,2.1405063683340035,0.00012760208464513288,0.0
0.9501806323963964,-0.8812461611219187,0.9589971178915152,1.0
-0.2864965697073434,0.5258269445425913,0.5663957524339113,1.0
-0.6386060508618804,0.37945466662031163,-1.0528955630893615,1.0
-0.5097855089760742,-0.3907189299640327,-1.1407386461450277,0.0
-0.6042539063589988,1.1162278776384982,-0.3017698902560929,0.0
-0.32943675033594544,0.42529833308366544,0.5498199982557826,0.0
-0.4926094367246333,-0.024297053017654596,0.5727904596295343,0.0
-0.6128419424847191,-0.5239930174682113,0.8468373193156503,0.0
-0.526961581227515,-1.117341043408191,-1.0560087758030203,1.0
-0.2435563890787413,0.8247931408357488,0.7248330372938916,0.0
-0.42390514771887,1.1303084323379569,0.7414929323561731,0.0
-0.6386060508618804,0.9233570237319595,-0.4502785507860267,0.0
-0.5870778341075579,-0.047218886249331515,-1.1133087179111705,1.0
-0.2950846058330638,-2.1399822603014336,-1.0044304138172697,1.0
-0.5527256896046763,-1.9595546872920913,0.8932830873680716,1.0
4.0504616737814665,1.4397531809655952,0.8132651065386284,0.0
-0.32084871421022504,-0.9166112752507916,0.9591653996598212,0.0
1.4482867276881806,-0.876006884954678,0.9623627532576328,0.0
-0.174852100072978,-0.46472370582630385,0.8374976811746742,0.0
-0.5527256896046763,1.0595782040802109,0.1254133785883683,1.0
-0.4840214005989129,0.9911401591456326,-0.2687866636681416,0.0
-0.1404999555700963,-0.759760444994031,0.9456187173111984,1.0
-0.1319119194443759,-0.4146231274770672,0.40492939574442516,1.0
-0.3380247864616659,-0.1310473049251785,-1.1846601876728609,1.0
-0.3552008587131067,-0.46439625106585136,0.641449421098331,0.0
-0.1404999555700963,-1.3023529830638687,-1.061646215041267,0.0
-0.10614781106721466,1.1761520988013108,0.772456777724454,0.0
-0.6386060508618804,-0.2283013687795791,-0.7001769767202496,0.0
0.7183036570019452,-0.5105673722896577,0.609391744236062,1.0
-0.2864965697073434,1.5376621543409008,0.9504147477079158,1.0
0.36619417584740815,-0.46079424870087354,0.7625281533944073,1.0
-0.15767602782153717,-0.35928327296059004,0.7081731422316102,1.0
-0.2864965697073434,1.0730038492587646,0.7398942555572673,0.0
-0.1233238833186555,-0.4532627892104654,0.8363197087965332,1.0
1.1219413549108048,0.9351453951082507,0.13618341175994422,1.0
-0.3637888948388271,0.11257903685150185,0.021920091080255846,1.0
-0.5784897979818375,1.0323994589626513,0.17127016045171897,0.0
-0.1404999555700963,-0.45620988205453816,0.7527678108326666,0.0
0.4091343564760102,-0.5429853935744579,-1.089328565927583,1.0
-0.20061620845013922,0.6338870154919254,0.6204983409442497,1.0
-0.26932049745590253,-0.28855304470284415,-0.6477572058929698,0.0
-0.3036726419587842,-0.4287036821765259,0.6646723051245417,1.0
-0.5956658702332783,0.7651963744333888,0.3834734702854261,1.0
-0.5527256896046763,1.1476635346419408,0.7719519324195363,1.0
-0.44966925609603126,1.0618703874033786,0.7079207195791514,0.0
-0.3552008587131067,-1.1766103550500981,-1.0535686901625851,1.0
1.0102968852764393,0.9335081213059879,0.1341640305402738,1.0
2.204033906751577,-1.2607662284863976,-1.9600184351421754,1.0
-0.3552008587131067,-0.7918510115183786,-1.9183686974864718,0.0
4.282338649175918,1.3591993098942734,0.7754858495539598,1.0
-0.5355496173532354,-0.5619777696807045,0.7846572059266297,1.0
-0.38955300321598835,-1.22605602387843,-1.9561479544711404,0.0
-0.38096496709026795,-0.9699864012045536,0.9667380792335856,0.0
-0.6386060508618804,1.5792489089183717,0.9120465045341765,0.0
0.43489846485317146,1.1319457061402196,0.7306387583004442,1.0
-0.16626406394725757,-1.0380969913786793,-1.0529797039735145,1.0
-0.6386060508618804,1.3736073193541845,0.20189744228338805,0.0
4.56574384132469,-0.45751970109634826,0.4830962771225036,1.0
-0.2950846058330638,-0.7718762711307744,0.9515927200860568,1.0
0.15149327270439777,-0.10485092408897631,0.6024921917355212,0.0
-0.25214442520446173,1.1666559107481875,0.7801135981823711,1.0
-0.6386060508618804,2.057987768699967,-0.00845476809895447,0.0
-0.2435563890787413,1.4905086688357367,-1.8200080039116882,0.0
0.6152472234933002,-0.10681565265169146,-1.0987523449527121,0.0
-0.45825729222175166,0.12764195583231808,0.7356872113496205,0.0
-0.2864965697073434,0.2894046074958666,0.776243117511336,1.0
-0.39814103934170875,0.21343510307088026,-0.024693958740471308,1.0
-0.15767602782153717,1.1889228344589593,0.7907994904697943,1.0
-0.1404999555700963,-0.4028347561007762,0.8263069435823337,1.0
-0.3552008587131067,-0.9961827820407557,-1.9312422527618711,1.0
-0.31226067808450464,-0.4326331393019562,0.8179769960511929,1.0
0.005496658567150727,-1.2404640333383412,-1.958083194806658,0.0
0.7784199098819881,-0.4824062628907403,0.6285758658229317,1.0
-0.5527256896046763,-0.6215745360830645,0.9132244769123175,0.0
4.56574384132469,-0.938550744201111,-1.9652351699596575,1.0
-0.6386060508618804,-1.8695046281676462,0.9231531012423642,1.0
0.2287855978358815,-2.097413141442605,-0.6938664104087793,1.0
-0.32084871421022504,0.92990611894101,0.729629067690609,0.0
-0.19202817232441882,-0.4830611724116454,-1.1079237013253824,0.0
1.0188849214021596,-0.8963090801027349,0.963204162099162,1.0
-0.6214299786104396,1.1925248368239372,0.7951748164457468,1.0
-0.21779228070158005,-0.7492818926595501,-1.916685879803413,0.0
0.7440677653791065,-0.11369220262119455,-1.0995937537942417,1.0
-0.5441376534789558,0.8762035382267956,-1.482518917574258,1.0
-0.4668453283474721,-1.1127566767618555,0.2472493788418211,0.0
-0.42390514771887,-0.4290311369369783,0.8242034214785102,1.0
-0.3637888948388271,-0.6068390718627007,0.9217227062117643,0.0
-0.42390514771887,0.2330823886980319,0.5645446529825466,1.0
-0.5784897979818375,1.0294523661185784,-0.25221090949001296,0.0
2.5647314240318346,-0.4716002557958069,0.6146084790535441,1.0
0.280313814590204,-0.44311169163643704,0.8336272005036393,1.0
-0.32943675033594544,1.7076111750157625,-1.6964891859751767,1.0
3.8014086261355744,-0.9794825892576768,-0.997615002200882,0.0
-0.5527256896046763,0.4049961379356087,-1.4363255721742954,0.0
-0.10614781106721466,1.3932546049813361,0.85541968949925,0.0
-0.26932049745590253,-0.5953781552468623,-1.1241628919668991,1.0
-0.020267449810010517,-0.1045234693285238,0.610737998382509,1.0
3.8014086261355744,-1.0426813580250147,1.0524776401854283,0.0
-0.16626406394725757,-0.592758517163242,-1.1234056240095227,1.0
-0.4067290754674292,1.4829772093453288,-1.8653599404701213,1.0
-0.32084871421022504,-0.9647471250373131,0.9650552615505269,0.0
-0.25214442520446173,-0.5606679506388944,-1.125761568765805,0.0
-0.020267449810010517,1.155849903653254,0.7780942169627006,1.0
-0.5527256896046763,1.034691642285819,0.5297103269432307,0.0
-0.45825729222175166,1.313683098191372,0.4047611139761192,0.0
-0.6386060508618804,2.139851458813099,-0.0018076382508723922,1.0
-0.15767602782153717,-1.2109931048976137,-1.9548858412088461,0.0
-0.22638031682730048,-0.7633624473590087,-1.9395722002930118,1.0
-0.6386060508618804,1.3873604192931908,-1.950173951696282,1.0
-0.4840214005989129,0.24912767196020574,-1.2990917901208552,1.0
-0.38955300321598835,0.27401423375459777,-1.2681279447525744,0.0
-0.2864965697073434,-0.9847218654249171,1.0083878168892892,1.0
-0.1404999555700963,1.3758995026773522,0.8523906176697441,0.0
0.5551309706132572,-0.743715161731857,0.9454504355428924,1.0
0.14290523657867737,-0.598325248090935,0.8961438774292713,0.0
-0.0030913775585696872,-0.6222294456039694,0.5406486418831125,1.0
-0.38955300321598835,-1.563334427144533,-1.3444437266792884,0.0
-0.071795666564333,-0.45555497253363314,0.8323650872413452,1.0
-0.19202817232441882,-0.3494596301470142,-1.1341756571810986,1.0
-0.44966925609603126,-0.42772131789516826,0.759078377144137,0.0
-0.6386060508618804,2.139851458813099,-0.00020896145196660799,0.0
-0.44108121997031086,-0.5727837767756379,0.8186501231244164,0.0
-0.20920424457585965,0.9492259498077094,0.3414871690931106,1.0
0.35760613972168775,-0.4905926319020535,0.6284917249387788,1.0
-0.08897173881577383,-0.4372175059482915,0.8146113606850753,0.0
-0.3552008587131067,-0.5793328719846885,0.8856262669101541,0.0
-0.26932049745590253,-0.7185011451770126,0.9362790791702224,0.0
-0.43249318384459046,-1.5325536796619956,-0.07139214944535133,1.0
-0.2435563890787413,1.245899962777699,0.8242875623626631,1.0
0.2631377423387632,-0.26366648290845207,0.5808679845082164,1.0
-0.1319119194443759,-0.43787241546919664,0.8132651065386284,0.0
-0.5956658702332783,0.23963148390708242,-1.212510820327483,0.0
0.2631377423387632,-0.4637413415449463,0.7672400429069718,1.0
-0.5870778341075579,0.47605382095380716,0.5651336391716172,1.0
0.7955959821334289,0.33262863587560026,0.7649682390348427,1.0
0.3490181035959673,-0.4490058773245825,0.7612660401321132,0.0
-0.2864965697073434,1.419778440577991,-1.973817540143257,1.0
-0.011679413684290102,0.539252589721145,0.5665640342022171,0.0
-0.45825729222175166,0.1371381438854414,0.7480559213201021,0.0
-0.5441376534789558,0.12731450107186557,-0.5757326090580558,0.0
-0.6386060508618804,1.371970045551922,0.20105603344185874,1.0
0.25454970621304274,-0.4820788081302878,0.43858574940559997,0.0
1.23358582454517,-0.09273509795223281,0.5911331723748747,0.0
-0.31226067808450464,-1.0004396939266387,0.976919126216091,0.0
-0.5355496173532354,1.3827760526468553,0.3056431524439594,1.0
-0.3036726419587842,0.9960519805524207,0.7361920566545381,1.0
-0.4668453283474721,0.8146420432617206,0.736360338422844,1.0
-0.6386060508618804,1.1732050059572379,-0.001386933830107731,1.0
-0.16626406394725757,-0.4352527773855764,0.825970380045722,0.0
3.6811761203754885,0.6574637582445073,0.7131374543966332,1.0
-0.6128419424847191,-0.01807541256905656,-1.118777875381111,0.0
-0.4067290754674292,0.9256492070551272,-0.5260894874078229,0.0
-0.6386060508618804,1.3041869101382488,-0.05725648090765791,1.0
-0.174852100072978,-0.47814935100485745,0.8428826977604623,0.0
-0.42390514771887,-0.13988858345739674,0.6035860232295094,1.0
-0.2435563890787413,-0.7165364166142973,0.9401495598412575,1.0
0.1686693449558386,-0.5148242841755405,0.4481778101990348,0.0
-0.3637888948388271,1.353305124206128,0.8462483331265798,0.0
-0.6386060508618804,-0.9762080416531516,-1.6311117189883446,1.0
4.247986504673036,0.025148615810677056,0.5815411115814398,1.0
-0.5784897979818375,1.4309119024333767,1.0069574218586894,1.0
-0.6386060508618804,2.1411612778549087,-0.004500146543766379,1.0
1.1133533187850844,-1.0092809724588567,-1.955306545629611,0.0
-0.26932049745590253,-0.19948534985975672,0.6021556281989094,0.0
-0.39814103934170875,-0.824923942324084,0.9500781841713041,1.0
-0.2950846058330638,-0.13890621917603913,0.34350655031278104,0.0
-0.1233238833186555,0.12502231774869785,0.5939098215519216,0.0
-0.3552008587131067,-0.5485521245021507,0.5895344955759689,0.0
-0.5011974728503538,1.0648174802474513,0.7082572831157631,0.0
-0.3036726419587842,0.6518970273168143,-0.00517327361698992,1.0
-0.3637888948388271,1.7056464464530472,-1.7106248545128702,1.0
4.917853322479227,-0.8416241351071628,-1.9601867169104814,1.0
0.07420094757291405,0.17446798657702947,-1.214193638010542,0.0
-0.6300180147361599,-0.6484258264401718,-1.0939563145559947,1.0
4.471275443941766,-0.49255736046476867,0.5836446336852633,1.0
-0.26932049745590253,-0.28495104233786633,0.609307603351909,1.0
-0.277908533581623,-0.31049251365316344,-0.591382813510502,0.0
-0.43249318384459046,1.5828509112833495,-1.7611935258887854,1.0
0.3404300674702469,-0.9906160511130626,0.982220001917726,0.0
-0.5183735451017946,0.8906115476867067,-0.2638223515031183,1.0
0.48642668160749397,-0.3936660228081054,0.823193730868675,0.0
-0.2864965697073434,0.009103332548503209,0.5674895839278994,1.0
-0.44966925609603126,1.4178137120152758,-1.9677593964842457,0.0
-0.5527256896046763,-0.33865362305208085,0.7584893909550664,1.0
-0.3552008587131067,-0.7201384189792751,0.9365315018226811,0.0
3.938817204147101,-1.028600803325556,-1.9755844987104687,0.0
-0.6300180147361599,0.4826029161628577,0.5695931060317229,1.0
-0.26932049745590253,-0.4414744178341744,0.832617509893804,0.0
3.260362350215188,0.7003603318637885,0.706826888085163,0.0
-0.20061620845013922,-0.226991549737769,0.7795246119933007,1.0
-0.5355496173532354,1.257033424633085,-0.3504874621806434,1.0
-0.5011974728503538,-0.2653037567107147,0.646834437684119,1.0
4.522803660696089,0.34474446201234366,0.7612660401321132,0.0
-0.11473584719293509,-0.8350750398981122,-1.929811857731271,1.0
-0.1233238833186555,-0.5190811960614233,0.4428769344973997,1.0
-0.5527256896046763,1.1637088179041146,-1.53586423812722,1.0
-0.6386060508618804,1.3736073193541845,0.20139259697847042,0.0
-0.4754333644731925,0.8791506310708684,0.7099401007988217,1.0
0.8900643795163534,-0.027244145861727336,0.6029970370404388,1.0
-0.45825729222175166,1.1646911821854722,0.7751492860173479,0.0
-0.5527256896046763,0.8712917168200077,0.7053964930545632,1.0
0.13431720045295695,-2.1075642390166336,-0.6853681811093326,1.0
-0.3380247864616659,-0.4028347561007762,0.7147361311955392,1.0
1.1992336800422885,-0.9984749653639233,-1.0189867867757278,0.0
-0.39814103934170875,0.3345933644383154,-1.3203794338115484,0.0
-0.3036726419587842,-0.24500156156265798,-1.1334183892237222,0.0
-0.26073246133018213,1.1597793607786844,0.7702691147364776,1.0
-0.44108121997031086,-1.4261308825149241,-1.0892444250434303,1.0
0.35760613972168775,-0.4372175059482915,0.8079642308369933,0.0
0.039848803070032385,-0.8776441587569409,-1.0405268531188798,1.0
-0.2950846058330638,1.4220706239011587,1.049027863935158,0.0
0.3404300674702469,-0.5279224745936417,-1.1025386847395944,1.0
-0.2950846058330638,0.2560042219297088,0.5620204264579585,0.0
-0.22638031682730048,1.2003837510747977,0.7974466203178763,1.0
-0.3552008587131067,-0.3802403776295518,0.753777501442502,1.0
-0.5956658702332783,-1.1301117790658395,-1.056261198455479,0.0
-0.15767602782153717,1.4872341212312117,0.8867200984041426,1.0
-0.3637888948388271,1.4436826380910255,1.015455651158136,1.0
3.3548307475981125,-0.49255736046476867,0.5303834540164543,1.0
0.09137701982435488,-0.5953781552468623,0.8966487227341889,1.0
0.1600813088301182,-2.1088740580584435,-0.6928567197989441,1.0
-0.2864965697073434,-0.36583236816964054,0.7133057361649392,0.0
-0.6386060508618804,1.8323714387481755,0.7672400429069718,1.0
-0.2864965697073434,-0.9683491274022908,0.9654759659712915,1.0
-0.02885548593573093,-0.46898061771218674,0.8407791756566388,1.0
-0.5355496173532354,0.9967068900733257,0.7096876781463629,0.0
2.1782697983744157,-0.44867842256413004,0.6202459182917909,0.0
-0.4926094367246333,1.5350425162572807,0.9346804023713166,0.0
-0.4754333644731925,-0.2328857354259145,-1.1320721350772753,0.0
1.1992336800422885,0.9321983022641778,0.1363516935282502,0.0
0.23737363396160194,0.9249942975342222,0.13450059407688558,0.0
1.2765260051737723,1.1358751632656499,0.7091828328414452,1.0
-0.4840214005989129,-2.1206624294347343,-1.037750203941833,1.0
-0.5527256896046763,0.8532817049951188,0.7298814903430678,1.0
-0.20920424457585965,-0.7073676833216266,0.9343438388347048,0.0
-0.3637888948388271,-0.46210406774268364,0.8257179573932631,1.0
-0.6128419424847191,-0.2918275923073694,0.6188996641453439,1.0
-0.1319119194443759,-0.40807403226801664,0.8297567198326041,1.0
2.1095655093686525,0.44560052823172214,0.7419977776610908,1.0
-0.39814103934170875,0.9600319569026426,0.7350982251605499,1.0
0.44348650097889186,-0.2649763019502622,0.5808679845082164,1.0
-0.6042539063589988,-1.277138966509024,-1.0321969055877391,0.0
-0.15767602782153717,0.9073117404697858,0.7212991201594682,1.0
-0.4668453283474721,0.32935408827107493,-1.0451546017472912,1.0
-0.3552008587131067,1.6087198373590994,-1.7588375811325032,1.0
-0.16626406394725757,-0.8701126992665326,-1.9319995207192473,0.0
-0.6386060508618804,1.3739347741146373,0.20097189255770576,0.0
-0.2435563890787413,-0.4748748034003322,0.42453422175205946,1.0
-0.4153171115931496,1.083809856353698,0.7419977776610908,1.0
-0.4153171115931496,-0.38908165616177004,-1.147049212456498,1.0
-0.2950846058330638,1.3379147504648592,0.8415364436140153,1.0
-0.31226067808450464,1.2301821342759778,0.8093946258675935,1.0
-0.5956658702332783,1.0867569491977707,-1.5079294645884447,1.0
-0.3552008587131067,-0.7774430020584674,-1.917779711297401,1.0
-0.4067290754674292,1.3041869101382488,0.7709422418097011,1.0
-0.32943675033594544,-0.2761097638056481,-0.6297510566842414,0.0
-0.4668453283474721,-0.19719316653658903,0.3339986304034992,0.0
-0.25214442520446173,1.1984190225120825,0.8087214987943698,0.0
-0.22638031682730048,-0.41986240364430766,0.8279897612653924,1.0
-0.44966925609603126,0.8906115476867067,0.264918964513938,1.0
-0.25214442520446173,-1.2332600286083855,-1.957914913038352,1.0
0.15149327270439777,-0.5554286744716539,0.5303834540164543,1.0
-0.32943675033594544,1.1849933773335288,0.7849096285790885,0.0
-0.32943675033594544,-0.7338915189182813,0.9420006592926221,0.0
-0.44108121997031086,-0.0305186934662526,-1.339142850977653,0.0
-0.5183735451017946,0.9859008829783923,-0.2916729841577404,0.0
-0.14908799169581674,-1.3141413544401597,-1.063076610071867,0.0
-0.15767602782153717,0.6394537464196182,0.6189838050294968,1.0
0.7698318737562676,-0.4440940559177946,0.7861717418413826,1.0
-0.5183735451017946,-0.7672919044844392,0.9423372228292337,1.0
-0.31226067808450464,0.6980681485406208,0.6354754183234725,1.0
-0.39814103934170875,0.7111663389587218,-1.029588538178998,0.0
0.3404300674702469,-0.7482995283781925,0.9449455902379749,0.0
-0.4067290754674292,1.0281425470767682,0.1727005554823189,1.0
2.6763758936662,-1.2938391592921032,1.0507106816182166,0.0
-0.4926094367246333,0.731141079346326,0.6546595399103421,1.0
-0.5613137257303966,0.17479544133748207,-1.2396041850247288,1.0
-0.4754333644731925,0.27990841944274336,-1.288742461370044,1.0
-0.037443522061451344,-0.5429853935744579,0.5902917635333452,1.0
-0.6386060508618804,2.1424710968967187,-0.0034904559339311563,0.0
-0.3466128225873863,-1.2637133213304705,-1.9564003771235992,1.0
-0.38955300321598835,0.41809432835370985,0.7688387197058776,1.0
-0.42390514771887,-0.6084763456649633,0.9267711592609404,0.0
-0.4668453283474721,-0.4712728010353544,0.8252972529724985,0.0
-0.4668453283474721,0.015324972997101212,0.6084661945103798,1.0
-0.3552008587131067,-2.091191500994007,0.8648434685243787,0.0
4.213634360170154,-0.844243773190783,-1.9664131423377986,1.0
-0.3552008587131067,-0.6071665266231533,0.8989205266063183,1.0
-0.5527256896046763,-0.37893055858774166,0.8101518938249697,1.0
1.1648815355394069,0.9318708475037254,0.13332262169874445,0.0
-0.6386060508618804,1.3673856789055867,0.19482960801454133,0.0
-0.32084871421022504,-0.9893062320712526,0.9645504162456092,1.0
0.022672730818591558,-0.26563121147116725,-0.6132594433902656,1.0
-0.42390514771887,-0.3933385680476529,0.6141036337486265,1.0
-0.3552008587131067,1.0710391206960495,-0.20382990110207416,0.0
0.44348650097889186,-0.941170382284731,0.9670746427701972,1.0
-0.5527256896046763,-0.6241941741666847,0.9024544437407416,1.0
0.5465429344875369,-2.120989884195187,-0.6886496755912973,0.0
-0.3036726419587842,0.8873370000821816,-0.257511785191648,1.0
-0.5699017618561171,-0.05704252906290733,0.5822142386546634,0.0
-0.44108121997031086,1.61788857065177,-1.7432715175642097,1.0
-0.277908533581623,-0.8016746543319545,-1.0729210935177604,0.0
-0.3552008587131067,-0.1922813451298011,0.60274461438798,1.0
-0.277908533581623,1.4551435547068639,-1.8885828244963319,0.0
-0.09755977494149425,-0.6182999884785392,0.9023703028565887,1.0
-0.5097855089760742,-0.3759834657436689,0.7483924848567141,0.0
-0.5527256896046763,-1.2954764330943658,-1.3947599754027447,1.0
-0.3552008587131067,-1.7375403597052776,0.9404019824937163,1.0
-0.38096496709026795,0.9076391952302383,0.1572186327981785,0.0
-0.2435563890787413,-0.40610930370530146,0.8236985761735927,0.0
-0.5956658702332783,1.0549938374338756,0.07467642544414732,0.0
-0.44108121997031086,1.200056296314345,0.7948382529091351,1.0
-0.22638031682730048,1.3179400100772551,0.8364879905648391,0.0
-0.3552008587131067,-1.5656266104677008,0.2761938429904314,1.0
0.7526558015048268,-0.07210544804372358,0.5948353712776039,0.0
-0.45825729222175166,-0.573438686296543,0.8186501231244164,1.0
-0.6386060508618804,-0.48109644384893024,0.84052675300418,1.0
-0.14908799169581674,0.86899953349684,0.7194480207081035,1.0
-0.5441376534789558,-0.26235666386664197,0.5902076226491925,0.0
-0.32084871421022504,-0.4499882416059401,0.8320285237047335,1.0
-0.32943675033594544,1.2301821342759778,0.8078800899528406,1.0
-0.5183735451017946,1.4754457498549207,0.9796957753931378,1.0
-0.5441376534789558,-0.8124806614268879,1.0095657892674306,1.0
-0.22638031682730048,0.1476166962199223,0.5982010066437214,0.0
-0.5699017618561171,1.545193613831309,-1.8131084514111473,1.0
-0.6386060508618804,1.37688186695871,0.20290713289322335,1.0
-0.3552008587131067,0.38010957614121665,-1.0475105465035737,1.0
-0.4668453283474721,0.8529542502346661,0.7297132085747619,0.0
1.9807449674828463,-0.7502642569409077,-1.9413391588602236,1.0
-0.5441376534789558,1.4505591880605284,-1.8826929626056264,1.0
-0.3466128225873863,-0.38253256095271954,0.7159141035736802,1.0
-0.4926094367246333,-0.6104410742276785,0.8955548912402007,0.0
-0.3552008587131067,-2.0230809108198815,0.8744355293178137,0.0
0.3318420313445265,-0.5963605195282198,0.8935355100205304,0.0
1.0188849214021596,-0.46177661298223105,0.6291648520120022,1.0
-0.6128419424847191,-2.2441128741253378,-0.8857076262774757,1.0
-0.05461959431289218,-0.07734472421096403,0.6006410922841565,0.0
-0.05461959431289218,-1.221799111992547,-1.953792009714858,0.0
-0.5527256896046763,-0.4165878560397823,-1.4045203179644854,1.0
4.12775399891295,-1.0682228293403118,-0.9954273392129056,1.0
-0.6386060508618804,-1.492604198886787,1.04793403244117,1.0
-0.3637888948388271,-0.9909435058735153,0.9716182505144557,1.0
-0.5441376534789558,0.72131743653275,0.024023613184079272,1.0
-0.38955300321598835,0.01041315159031329,0.56807857011697,0.0
-0.2435563890787413,1.5412641567058787,-1.801497009398042,1.0
0.5207788261103756,-0.7807175496629928,-1.9290545897738947,1.0
-0.4067290754674292,1.2547412413099173,0.7245806146414329,1.0
-0.25214442520446173,-0.454900063012728,0.8341320458085569,0.0
-0.37237693096454755,-2.4379660923132334,-1.1557998644084038,0.0
1.3194661858023744,-0.43918223451100674,0.775233426901501,1.0
-0.4067290754674292,-0.3429105349379637,0.6038384458819682,1.0
-0.6128419424847191,1.3343127480998813,0.8620668193473319,0.0
-0.4668453283474721,1.1643637274250198,0.772456777724454,0.0
-0.22638031682730048,-0.44736860352231994,0.8165466010205931,0.0
-0.5784897979818375,1.0274876375558635,0.1484679808462731,1.0
4.4970395523189275,0.529428946907569,0.7361920566545381,1.0
-0.5355496173532354,-0.37663837526457405,0.8109091617823461,1.0
-0.277908533581623,-0.598325248090935,0.8904222973068717,1.0
-0.5355496173532354,-1.0855779316442957,-1.939151495872247,1.0
-0.05461959431289218,-0.4152780369979722,0.8215950540697692,1.0
-0.3552008587131067,-0.6241941741666847,0.539975514809889,1.0
-0.6386060508618804,-0.819357211396391,-1.9116374267542366,0.0
-0.26932049745590253,-0.24270937823949032,0.600136246979239,1.0
-0.6386060508618804,-0.027899055382632376,-1.1546218920302624,1.0
0.9072404517677943,-1.0482480889527077,-1.0244559442456689,1.0
-0.1233238833186555,1.4361511786006174,1.0282450655493824,0.0
0.039848803070032385,-0.4585020653777059,0.7897056589758061,1.0
-0.21779228070158005,0.6997054223428834,0.636232686280849,1.0
-0.3466128225873863,-0.016438138766793932,0.5768292220688754,1.0
-0.3552008587131067,-0.5819525100683086,0.8829337586172602,0.0
0.08278898369863447,-0.9614725774327877,0.9672429245385031,0.0
3.4149470004781555,-1.3016980735429635,-1.97247128599681,1.0
0.383370248098849,-0.20145007842247187,0.6103172939617444,1.0
-0.15767602782153717,-0.430668410739241,0.8184818413561105,1.0
-0.277908533581623,-0.7636899021194612,-1.9184528383706245,1.0
-0.10614781106721466,-0.4712728010353544,0.8411157391932506,1.0
-0.6300180147361599,-0.14938477151052001,0.3480501580570397,0.0
4.917853322479227,-0.935603651357038,-1.9693580732831513,1.0
-0.23496835295302088,0.7956496671554738,0.6467502967999661,0.0
3.8443488067641765,-1.0367871723368691,1.0523934993012756,0.0
-0.5527256896046763,0.16988361993069415,-1.1987958562105543,1.0
-0.26932049745590253,1.73577228441468,-1.7028838931708,0.0
-0.44108121997031086,-0.34716744682384654,0.5984534292961803,1.0
-0.25214442520446173,0.8870095453217289,0.15141291179162586,1.0
-0.3552008587131067,-1.3085746235124667,-1.9606074213312459,1.0
-0.4153171115931496,1.156504813174159,0.7700166920840188,0.0
0.31466595909308565,0.932853211785083,-0.19516339003432168,1.0
-0.43249318384459046,1.2589981531957999,0.8285787474544628,0.0
-0.37237693096454755,0.6387988368987133,0.0111500579086799,1.0
-0.44966925609603126,-1.0269635295232933,-1.9321678024875533,1.0
0.6495993679961819,0.05265481568868935,-1.0731735161702194,1.0
-0.6386060508618804,1.638190765799827,-1.6235390394145803,0.0
0.039848803070032385,-2.09544841287989,-0.6940346921770851,1.0
-0.2435563890787413,-1.3295317281814285,-1.0650959912915374,1.0
-0.2950846058330638,-0.025606872059464703,-1.1163377897406763,0.0
-0.174852100072978,-1.0662581007775966,-1.0525589995527498,1.0
-0.4153171115931496,0.3853488523084571,0.7776735125419361,0.0
-0.174852100072978,1.1967817487098198,0.7962686479397353,1.0
0.43489846485317146,-0.20996390219423758,0.609223462467756,1.0
-0.6386060508618804,-0.4807689890884777,0.8381708082478978,1.0
1.0102968852764393,-1.0171398867097174,-1.9536237279465523,1.0
-0.6128419424847191,-0.9837395011435596,0.6035860232295094,0.0
-0.08897173881577383,-0.6464610978774565,0.9372887697800576,0.0
-0.0030913775585696872,-0.4136407631957096,0.8274007750763218,1.0
-0.11473584719293509,0.5160033017290154,0.7342568163190206,1.0
-0.5183735451017946,-0.006614495953218117,0.57724992648964,0.0
0.048436839195752805,-0.4460587844805098,0.8083849352577581,1.0
-0.5355496173532354,-0.3802403776295518,0.7442695815332201,1.0
-0.6042539063589988,1.0016187114801136,-0.22259331826817913,1.0
-0.06320763043861259,-0.35109690394927684,0.7090145510731395,1.0
-0.6386060508618804,2.1424710968967187,-0.0028173288607076744,0.0
-0.174852100072978,-0.8858305277682541,0.9574825819767625,1.0
-0.3637888948388271,-1.3292042734209761,-1.9613646892886225,1.0
-0.38096496709026795,-0.9110445443230986,-1.9180321339498598,1.0
-0.5097855089760742,-0.8468634112744031,0.986174623472914,0.0
-0.5527256896046763,1.0592507493197585,0.07408743925507676,0.0
-0.22638031682730048,1.1935072011052945,0.796521070592194,0.0
-0.6042539063589988,-1.1716985336433103,-1.06029996089482,0.0
-0.6386060508618804,1.3709876812705644,0.2002146246003293,0.0
-0.22638031682730048,0.31068916692528087,-1.308936273566749,0.0
0.07420094757291405,0.06018627517909749,0.597359597802192,1.0
-0.071795666564333,-0.6896851262571901,-1.1046422068434179,1.0
-0.4754333644731925,0.7448941792853322,0.7312277444895148,1.0
-0.3552008587131067,-0.47552971292123725,0.6427115343606252,1.0
0.1600813088301182,-0.5829348743496663,0.5809521253923693,1.0
0.29748988684164485,-0.40807403226801664,0.7504118660763844,1.0
-0.23496835295302088,1.0972355015322515,0.7401466782097261,1.0
-0.4668453283474721,-0.24401919728130042,0.36159684040566253,1.0
-0.21779228070158005,-0.5848996029123814,0.8878980707822836,0.0
0.31466595909308565,1.3071340029823217,0.8316078192839687,0.0
-0.43249318384459046,-0.7407680688877845,0.9381301786215869,0.0
-0.5613137257303966,-0.6615240168582728,-1.1148232538259233,0.0
0.7698318737562676,0.9338355760664403,0.13576270733917958,1.0
-0.11473584719293509,1.4171588024943709,0.8653483138292963,0.0
0.7440677653791065,-0.30656305652773314,-1.1158329444357586,1.0
-0.42390514771887,1.4728261117713004,-1.8731009018121914,0.0
-0.5355496173532354,-0.32915743499895755,0.7071634516217749,1.0
-0.0030913775585696872,0.8483698835883308,0.6478441282939542,1.0
-0.08897173881577383,-1.243411126182414,-1.950089810812129,0.0
-0.1404999555700963,1.76688048665767,-1.7218155921052107,1.0
0.23737363396160194,-1.0312204414091761,-1.9536237279465523,0.0
-0.4754333644731925,-1.5852738960948525,0.8469214601998032,1.0
-0.2864965697073434,1.757056843844094,-1.7022107660975763,1.0
-0.6386060508618804,2.1424710968967187,-0.002228342671637113,0.0
-0.20061620845013922,-1.0122280653029296,-1.0433876431800797,1.0
-0.39814103934170875,1.4171588024943709,-1.9702836230088339,1.0
-0.32943675033594544,1.1872855606566965,0.7905470678173354,0.0
-0.5784897979818375,1.0215934518677177,0.13828693386376767,1.0
-0.43249318384459046,1.3182674648377075,0.403751423366284,0.0
-0.6386060508618804,1.3726249550728271,0.20114017432601158,0.0
-0.14908799169581674,-0.35535381583515974,0.7106973687561982,1.0
-0.25214442520446173,-0.6071665266231533,0.8955548912402007,1.0
-0.4067290754674292,-0.38056783239000436,0.7305546174162914,1.0
-0.3552008587131067,-0.44180187259462694,0.8155369104107577,1.0
-0.43249318384459046,-0.29935905179777755,0.6872220620775288,1.0
-0.15767602782153717,-0.4231369512488328,0.6404397304884958,1.0
-0.4840214005989129,0.4521496234407727,0.40720119961655443,0.0
-0.5784897979818375,-1.3066098949497518,-1.9588404627640343,0.0
-0.5784897979818375,-1.3151237187215175,0.202065724051694,0.0
-0.5527256896046763,-1.9356504897790565,0.8895808884653421,0.0
-0.5011974728503538,1.2193761271810444,0.32768806409202894,1.0
-0.5527256896046763,-0.8779716135173933,0.10446229843428702,0.0
-0.6386060508618804,2.1408338230944564,-0.0034904559339311563,0.0
0.3318420313445265,0.9561024997772122,0.14072701950420288,1.0
-0.38096496709026795,-0.08978800510816005,-1.306159624389702,1.0
-0.3552008587131067,1.6123218397240773,-1.7494138021073742,1.0
-0.3036726419587842,0.7570100054220756,0.6438053658546133,0.0
-0.3380247864616659,-0.24336428776039537,0.6724974073507648,1.0
-0.3552008587131067,-1.3573653828198933,-1.953960291483164,0.0
-0.4840214005989129,0.8031811266458821,0.41452145653786,0.0
-0.39814103934170875,-0.29935905179777755,0.6863806532359995,1.0
-0.26932049745590253,-0.466688434389019,0.7534409379058903,1.0
-0.6386060508618804,-1.8505122520613995,0.9237420874314346,1.0
0.5293668622360961,-0.4637413415449463,0.6345498685977903,1.0
-0.09755977494149425,0.32804426922926483,-1.279571104997374,0.0
1.1562934994136864,-0.7663095402030815,-1.0514651680587617,1.0
-0.5613137257303966,1.0772607611446474,0.744353722417373,0.0
-0.5441376534789558,1.0926511348859163,-1.5193726248332444,1.0
-0.5784897979818375,0.8778408120290584,-1.4831079037633284,1.0
-0.42390514771887,-0.4490058773245825,0.41452145653786,1.0
-0.6386060508618804,1.0772607611446474,-0.33307029916098546,0.0
-0.5441376534789558,-1.076409198351625,-1.9358700013902825,0.0
-0.3552008587131067,-1.330514092462786,-1.9615329710569285,1.0
-0.4926094367246333,-0.7613977187962935,-1.9182845566023186,0.0
-0.3036726419587842,1.1447164417978681,0.769680128547407,1.0
